component,rank_within_component,position_grch37,H_loading,gene_region,C_flip,class_flip,eQTL_MICA,eQTL_MICB,eQTL_HLA-B,eQTL_HLA-C,eQTL_HCG27,eQTL_HCP5
c0,1,31319539,0.9388,intergenic_class_I,False,False,False,False,False,True,True,False
c0,2,31309015,0.9349,intergenic_class_I,True,False,False,False,False,False,False,False
c0,3,31305547,0.9331,intergenic_class_I,True,False,False,False,False,False,True,False
c0,4,31311888,0.9296,intergenic_class_I,True,False,False,False,False,False,True,False
c0,5,31314285,0.9262,intergenic_class_I,True,False,False,False,False,False,True,False
c0,6,31314943,0.9261,intergenic_class_I,True,False,False,False,False,False,True,False
c0,7,31314860,0.9261,intergenic_class_I,True,False,False,False,False,False,True,False
c0,8,31317992,0.926,intergenic_class_I,True,False,False,False,False,False,True,False
c0,9,31316468,0.926,intergenic_class_I,True,False,False,False,False,False,True,False
c0,10,31318177,0.9253,intergenic_class_I,True,False,False,False,False,False,True,False
c0,11,31315223,0.9249,intergenic_class_I,True,False,False,False,False,False,True,False
c0,12,31313855,0.9245,intergenic_class_I,True,False,False,False,False,False,True,False
c0,13,31308063,0.924,intergenic_class_I,True,False,False,False,False,False,True,False
c0,14,31317850,0.9233,intergenic_class_I,False,False,False,False,False,False,True,False
c0,15,31314067,0.9231,intergenic_class_I,True,False,False,False,False,False,True,False
c0,16,31307967,0.923,intergenic_class_I,True,False,False,False,False,False,True,False
c0,17,31307739,0.9226,intergenic_class_I,False,False,False,False,False,False,False,False
c0,18,31307599,0.9208,intergenic_class_I,True,False,False,False,False,False,False,False
c0,19,31307711,0.9206,intergenic_class_I,False,False,False,False,False,False,False,False
c0,20,31309301,0.9203,intergenic_class_I,True,False,False,False,False,False,True,False
c0,21,31312094,0.9199,intergenic_class_I,True,False,False,False,False,False,True,False
c0,22,31312123,0.9199,intergenic_class_I,True,False,False,False,False,False,True,False
c0,23,31311835,0.9199,intergenic_class_I,True,False,False,False,False,False,True,False
c0,24,31312111,0.9199,intergenic_class_I,True,False,False,False,False,False,True,False
c0,25,31308917,0.9198,intergenic_class_I,True,False,False,False,False,False,True,False
c0,26,31309604,0.9198,intergenic_class_I,True,False,False,False,False,False,True,False
c0,27,31309635,0.9198,intergenic_class_I,True,False,False,False,False,False,True,False
c0,28,31311872,0.919,intergenic_class_I,False,False,False,False,False,False,True,False
c0,29,31319815,0.9188,intergenic_class_I,False,False,False,False,False,True,True,False
c0,30,31304076,0.9176,intergenic_class_I,True,False,False,False,False,False,True,False
c0,31,31319780,0.9171,intergenic_class_I,False,False,False,False,False,False,True,False
c0,32,31309784,0.9168,intergenic_class_I,False,False,False,False,False,False,True,False
c0,33,31307387,0.9146,intergenic_class_I,True,False,False,False,False,False,True,False
c0,34,31308887,0.9138,intergenic_class_I,True,False,False,False,False,False,True,False
c0,35,31309058,0.9135,intergenic_class_I,False,False,False,False,False,False,True,False
c0,36,31311374,0.9113,intergenic_class_I,False,False,False,False,False,False,True,False
c0,37,31308995,0.9095,intergenic_class_I,False,False,False,False,False,False,True,False
c0,38,31309113,0.9089,intergenic_class_I,False,False,False,False,False,False,True,False
c0,39,31306069,0.9085,intergenic_class_I,True,False,False,False,False,False,True,False
c0,40,31305932,0.9059,intergenic_class_I,True,False,False,False,False,False,True,False
c0,41,31305677,0.9049,intergenic_class_I,True,False,False,False,False,False,True,False
c0,42,31308963,0.9042,intergenic_class_I,False,False,False,False,False,False,False,False
c0,43,31303176,0.9037,intergenic_class_I,True,False,False,False,False,False,True,False
c0,44,31309423,0.9024,intergenic_class_I,False,False,False,False,False,False,False,False
c0,45,31310378,0.9022,intergenic_class_I,False,False,False,False,False,False,False,False
c0,46,31302642,0.9009,intergenic_class_I,False,False,False,False,False,False,True,False
c0,47,31308983,0.8998,intergenic_class_I,False,False,False,False,False,False,True,False
c0,48,31310094,0.8995,intergenic_class_I,True,False,False,False,False,False,True,False
c0,49,31320347,0.8955,intergenic_class_I,True,False,False,False,False,True,True,False
c0,50,31303112,0.8932,intergenic_class_I,True,False,False,False,False,False,True,False
c0,51,31319489,0.8927,intergenic_class_I,True,False,False,False,False,False,True,False
c0,52,31320176,0.8905,intergenic_class_I,True,False,False,False,False,True,True,False
c0,53,31310098,0.8903,intergenic_class_I,True,False,False,False,False,False,False,False
c0,54,31310056,0.8877,intergenic_class_I,False,False,False,False,False,False,False,False
c0,55,31310075,0.8842,intergenic_class_I,False,False,False,False,False,False,False,False
c0,56,31320026,0.8799,intergenic_class_I,True,False,False,False,False,True,True,False
c0,57,31320071,0.8789,intergenic_class_I,True,False,False,False,False,True,True,False
c0,58,31274582,0.8762,intergenic_class_I,False,False,False,False,False,True,True,False
c0,59,31319333,0.8736,intergenic_class_I,True,False,False,False,False,True,True,False
c0,60,31319264,0.8732,intergenic_class_I,True,False,False,False,False,True,True,False
c0,61,31312237,0.8693,intergenic_class_I,False,False,False,False,False,False,True,False
c0,62,31314723,0.8677,intergenic_class_I,False,True,False,False,False,True,True,False
c0,63,31314066,0.8663,intergenic_class_I,True,False,False,False,False,False,True,False
c0,64,31308524,0.8647,intergenic_class_I,False,False,False,False,False,False,True,False
c0,65,31314438,0.8644,intergenic_class_I,False,True,False,False,False,True,True,False
c0,66,31313463,0.864,intergenic_class_I,False,True,False,False,False,True,True,False
c0,67,31314012,0.862,intergenic_class_I,False,False,False,False,False,False,True,False
c0,68,31255651,0.862,intergenic_class_I,True,False,False,False,False,True,True,False
c0,69,31272581,0.862,intergenic_class_I,True,False,False,False,False,True,True,False
c0,70,31255809,0.8614,intergenic_class_I,True,False,False,False,False,True,True,False
c0,71,31253866,0.8614,intergenic_class_I,True,False,False,False,False,True,True,False
c0,72,31253444,0.8614,intergenic_class_I,True,False,False,False,False,True,True,False
c0,73,31260888,0.8614,intergenic_class_I,True,False,False,False,False,True,True,False
c0,74,31263503,0.8614,intergenic_class_I,True,False,False,False,False,True,True,False
c0,75,31312058,0.8599,intergenic_class_I,True,False,False,False,False,True,True,False
c0,76,31303279,0.8598,intergenic_class_I,False,False,False,True,False,True,True,False
c0,77,31307070,0.8564,intergenic_class_I,True,False,False,False,False,False,False,False
c0,78,31315357,0.8562,intergenic_class_I,False,False,False,False,False,False,True,False
c0,79,31315290,0.8562,intergenic_class_I,False,False,False,False,False,False,True,False
c0,80,31318579,0.8559,intergenic_class_I,True,False,False,False,False,False,True,False
c0,81,31312570,0.8558,intergenic_class_I,False,False,False,False,False,False,True,False
c0,82,31246676,0.8535,intergenic_class_I,True,False,False,False,False,True,True,False
c0,83,31317976,0.8534,intergenic_class_I,False,False,False,False,True,False,True,False
c0,84,31317820,0.8528,intergenic_class_I,False,False,False,False,True,False,True,False
c0,85,31247108,0.8528,intergenic_class_I,True,False,False,False,False,True,True,False
c0,86,31245476,0.8527,intergenic_class_I,True,False,False,False,False,True,True,False
c0,87,31245182,0.8527,intergenic_class_I,True,False,False,False,False,True,True,False
c0,88,31245508,0.8527,intergenic_class_I,True,False,False,False,False,True,True,False
c0,89,31244961,0.8527,intergenic_class_I,True,False,False,False,False,True,True,False
c0,90,31244475,0.8527,intergenic_class_I,True,False,False,False,False,True,True,False
c0,91,31244436,0.8527,intergenic_class_I,True,False,False,False,False,True,True,False
c0,92,31246119,0.8527,intergenic_class_I,True,False,False,False,False,True,True,False
c0,93,31246100,0.8527,intergenic_class_I,True,False,False,False,False,True,True,False
c0,94,31246095,0.8527,intergenic_class_I,True,False,False,False,False,True,True,False
c0,95,31246015,0.8527,intergenic_class_I,True,False,False,False,False,True,True,False
c0,96,31246253,0.8527,intergenic_class_I,True,False,False,False,False,True,True,False
c0,97,31247815,0.8527,intergenic_class_I,True,False,False,False,False,True,True,False
c0,98,31246668,0.8527,intergenic_class_I,True,False,False,False,False,True,True,False
c0,99,31245309,0.8527,intergenic_class_I,True,False,False,False,False,True,True,False
c0,100,31247464,0.8527,intergenic_class_I,True,False,False,False,False,True,True,False
c0,101,31247494,0.8527,intergenic_class_I,True,False,False,False,False,True,True,False
c0,102,31246450,0.8527,intergenic_class_I,True,False,False,False,False,True,True,False
c0,103,31246410,0.8527,intergenic_class_I,True,False,False,False,False,True,True,False
c0,104,31244151,0.8527,intergenic_class_I,True,False,False,False,False,True,True,False
c0,105,31245213,0.8527,intergenic_class_I,True,False,False,False,False,True,True,False
c0,106,31246632,0.8527,intergenic_class_I,True,False,False,False,False,True,True,False
c0,107,31246542,0.8527,intergenic_class_I,True,False,False,False,False,True,True,False
c0,108,31244298,0.8527,intergenic_class_I,True,False,False,False,False,True,True,False
c0,109,31246139,0.8527,intergenic_class_I,True,False,False,False,False,True,True,False
c0,110,31246177,0.8527,intergenic_class_I,True,False,False,False,False,True,True,False
c0,111,31247356,0.8527,intergenic_class_I,True,False,False,False,False,True,True,False
c0,112,31247281,0.8527,intergenic_class_I,True,False,False,False,False,True,True,False
c0,113,31245180,0.8527,intergenic_class_I,True,False,False,False,False,True,True,False
c0,114,31244865,0.8527,intergenic_class_I,True,False,False,False,False,True,True,False
c0,115,31245177,0.8527,intergenic_class_I,True,False,False,False,False,True,True,False
c0,116,31245931,0.8527,intergenic_class_I,True,False,False,False,False,True,True,False
c0,117,31318164,0.8527,intergenic_class_I,False,False,False,False,True,False,True,False
c0,118,31310517,0.8526,intergenic_class_I,True,False,False,False,False,False,False,False
c0,119,31248655,0.8524,intergenic_class_I,True,False,False,False,False,True,True,False
c0,120,31248648,0.8524,intergenic_class_I,True,False,False,False,False,True,True,False
c0,121,31243313,0.8521,intergenic_class_I,False,False,False,False,False,True,True,False
c0,122,31247135,0.8514,intergenic_class_I,True,False,False,False,False,True,True,False
c0,123,31300247,0.8513,intergenic_class_I,False,False,False,False,False,True,True,False
c0,124,31246969,0.8512,intergenic_class_I,True,False,False,False,False,True,True,False
c0,125,31244571,0.8511,intergenic_class_I,True,False,False,False,False,True,True,False
c0,126,31313466,0.851,intergenic_class_I,True,False,False,False,False,False,True,False
c0,127,31239501,0.8491,HLA-C,False,False,False,False,False,False,False,False
c0,128,31239742,0.8491,HLA-C,False,False,False,False,False,False,False,False
c0,129,31238538,0.8489,HLA-C,False,False,False,False,False,False,False,False
c0,130,31311938,0.8487,intergenic_class_I,False,False,False,False,False,False,True,False
c0,131,31309050,0.8481,intergenic_class_I,True,False,False,False,True,False,True,False
c0,132,31257622,0.847,intergenic_class_I,False,False,False,False,False,False,True,False
c0,133,31237779,0.8469,HLA-C,False,False,False,False,False,False,False,False
c0,134,31317182,0.8468,intergenic_class_I,False,False,False,False,True,False,True,False
c0,135,31317446,0.8468,intergenic_class_I,False,False,False,False,True,False,True,False
c0,136,31317115,0.8468,intergenic_class_I,False,False,False,False,True,False,True,False
c0,137,31241032,0.8468,intergenic_class_I,False,False,False,False,False,True,True,False
c0,138,31238267,0.8467,HLA-C,False,False,False,False,False,False,False,False
c0,139,31316880,0.8466,intergenic_class_I,False,False,False,False,True,False,True,False
c0,140,31294418,0.8465,intergenic_class_I,False,False,False,False,False,False,True,False
c0,141,31275663,0.8463,intergenic_class_I,True,False,False,True,False,False,True,False
c0,142,31288814,0.8452,intergenic_class_I,False,False,False,False,False,False,False,False
c0,143,31307885,0.8447,intergenic_class_I,True,False,False,False,False,True,True,False
c0,144,31280192,0.8444,intergenic_class_I,False,False,False,False,False,False,False,False
c0,145,31283886,0.8443,intergenic_class_I,False,False,False,False,False,False,False,False
c0,146,31283764,0.8443,intergenic_class_I,False,False,False,False,False,False,False,False
c0,147,31241215,0.8437,intergenic_class_I,False,False,False,False,False,True,True,False
c0,148,31302029,0.8431,intergenic_class_I,False,False,False,False,False,False,True,False
c0,149,31290698,0.8429,intergenic_class_I,False,False,False,False,False,False,True,False
c0,150,31290768,0.8427,intergenic_class_I,False,False,False,False,False,False,True,False
c0,151,31290833,0.8415,intergenic_class_I,False,False,False,False,False,False,False,False
c0,152,31238027,0.8415,HLA-C,False,False,False,False,False,False,False,False
c0,153,31290604,0.8414,intergenic_class_I,False,False,False,False,False,False,True,False
c0,154,31302510,0.8412,intergenic_class_I,True,False,False,False,False,False,True,False
c0,155,31302509,0.8412,intergenic_class_I,True,False,False,False,False,False,True,False
c0,156,31316762,0.8408,intergenic_class_I,False,False,False,False,True,False,True,False
c0,157,31316760,0.8408,intergenic_class_I,False,False,False,False,True,False,True,False
c0,158,31316764,0.8408,intergenic_class_I,False,False,False,False,True,False,True,False
c0,159,31305284,0.8406,intergenic_class_I,True,False,False,False,True,False,True,False
c0,160,31290879,0.8403,intergenic_class_I,False,False,False,False,False,False,True,False
c0,161,31300930,0.8402,intergenic_class_I,False,False,False,False,False,False,True,False
c0,162,31289242,0.8394,intergenic_class_I,False,False,False,False,False,False,True,False
c0,163,31291536,0.8393,intergenic_class_I,False,False,False,False,False,False,True,False
c0,164,31290892,0.8393,intergenic_class_I,False,False,False,False,False,False,True,False
c0,165,31290908,0.8392,intergenic_class_I,False,False,False,False,False,False,True,False
c0,166,31304844,0.8388,intergenic_class_I,True,False,False,False,False,False,False,False
c0,167,31304843,0.8388,intergenic_class_I,True,False,False,False,False,False,False,False
c0,168,31290927,0.8386,intergenic_class_I,False,False,False,False,False,False,True,False
c0,169,31304266,0.8385,intergenic_class_I,True,False,False,False,False,False,True,False
c0,170,31289284,0.8376,intergenic_class_I,False,False,False,False,False,False,True,False
c0,171,31291089,0.8376,intergenic_class_I,False,False,False,False,False,False,True,False
c0,172,31301521,0.8375,intergenic_class_I,False,False,False,False,False,False,True,False
c0,173,31289064,0.8372,intergenic_class_I,False,False,False,False,False,False,True,False
c0,174,31290660,0.8369,intergenic_class_I,False,False,False,False,False,False,True,False
c0,175,31290465,0.8367,intergenic_class_I,False,False,False,False,False,False,True,False
c0,176,31290467,0.8367,intergenic_class_I,False,False,False,False,False,False,True,False
c0,177,31289272,0.8365,intergenic_class_I,False,False,False,False,False,False,True,False
c0,178,31290247,0.8363,intergenic_class_I,False,False,False,False,False,False,True,False
c0,179,31300181,0.8361,intergenic_class_I,False,False,False,False,False,False,True,False
c0,180,31301041,0.836,intergenic_class_I,False,False,False,False,False,False,True,False
c0,181,31300649,0.8357,intergenic_class_I,False,False,False,False,False,False,True,False
c0,182,31290493,0.8351,intergenic_class_I,False,False,False,False,False,False,True,False
c0,183,31239417,0.8349,HLA-C,True,False,False,False,False,False,False,False
c0,184,31309770,0.8348,intergenic_class_I,True,False,False,False,True,False,True,False
c0,185,31291783,0.8338,intergenic_class_I,False,False,False,False,False,False,True,False
c0,186,31307678,0.8336,intergenic_class_I,True,False,False,False,False,False,False,False
c0,187,31309244,0.8335,intergenic_class_I,True,False,False,False,True,False,True,False
c0,188,31287944,0.8332,intergenic_class_I,False,False,False,False,False,True,True,False
c0,189,31239407,0.8331,HLA-C,True,False,False,False,False,False,False,False
c0,190,31308409,0.8329,intergenic_class_I,True,False,False,False,True,False,True,False
c0,191,31295687,0.8321,intergenic_class_I,False,False,False,False,False,False,True,False
c0,192,31299899,0.8317,intergenic_class_I,False,False,False,False,False,True,False,False
c0,193,31289772,0.8316,intergenic_class_I,False,False,False,False,False,False,True,False
c0,194,31303353,0.8315,intergenic_class_I,True,False,False,False,False,False,True,False
c0,195,31286978,0.8315,intergenic_class_I,False,False,False,False,False,False,False,False
c0,196,31268298,0.8315,intergenic_class_I,True,False,False,False,False,True,True,False
c0,197,31309555,0.8314,intergenic_class_I,True,False,False,False,False,False,False,False
c0,198,31290622,0.8309,intergenic_class_I,False,False,False,False,False,False,True,False
c0,199,31280030,0.8307,intergenic_class_I,True,False,False,False,False,False,False,False
c0,200,31299784,0.8307,intergenic_class_I,False,False,False,False,False,False,True,False
c0,201,31282777,0.8307,intergenic_class_I,True,False,False,False,False,False,False,False
c0,202,31283932,0.8306,intergenic_class_I,True,False,False,False,False,False,False,False
c0,203,31280586,0.8305,intergenic_class_I,True,False,False,False,False,False,False,False
c0,204,31280942,0.8305,intergenic_class_I,True,False,False,False,False,False,False,False
c0,205,31299608,0.8304,intergenic_class_I,False,False,False,False,False,False,True,False
c0,206,31283409,0.8303,intergenic_class_I,True,False,False,False,False,False,True,False
c0,207,31281876,0.8298,intergenic_class_I,True,False,False,False,False,False,False,False
c0,208,31281573,0.8297,intergenic_class_I,True,False,False,False,False,False,False,False
c0,209,31299859,0.8296,intergenic_class_I,False,False,False,False,False,False,True,False
c0,210,31239776,0.8295,HLA-C,False,False,False,False,False,False,False,False
c0,211,31285133,0.8294,intergenic_class_I,True,False,False,False,False,False,False,False
c0,212,31285106,0.8294,intergenic_class_I,True,False,False,False,False,False,False,False
c0,213,31273745,0.8294,intergenic_class_I,True,False,False,True,False,True,True,False
c0,214,31283651,0.829,intergenic_class_I,True,False,False,False,False,False,False,False
c0,215,31307926,0.829,intergenic_class_I,True,False,False,False,True,False,True,False
c0,216,31284586,0.829,intergenic_class_I,True,False,False,False,False,False,False,False
c0,217,31308790,0.8289,intergenic_class_I,True,False,False,False,True,False,True,False
c0,218,31285244,0.8288,intergenic_class_I,True,False,False,False,False,False,False,False
c0,219,31285225,0.8288,intergenic_class_I,True,False,False,False,False,False,False,False
c0,220,31294094,0.8288,intergenic_class_I,True,False,False,False,False,False,False,False
c0,221,31295612,0.8288,intergenic_class_I,False,False,False,False,False,False,True,False
c0,222,31228999,0.8287,intergenic_class_I,False,False,False,False,False,True,True,False
c0,223,31231946,0.8285,intergenic_class_I,False,False,False,False,False,True,True,False
c0,224,31229993,0.8285,intergenic_class_I,False,False,False,False,False,False,False,False
c0,225,31222411,0.8284,intergenic_class_I,False,False,False,False,False,True,True,False
c0,226,31230833,0.8283,intergenic_class_I,False,False,False,False,False,True,True,False
c0,227,31285967,0.8282,intergenic_class_I,True,False,False,False,False,False,False,False
c0,228,31290642,0.8281,intergenic_class_I,False,False,False,False,False,False,True,False
c0,229,31290646,0.8281,intergenic_class_I,False,False,False,False,False,False,True,False
c0,230,31290636,0.8281,intergenic_class_I,False,False,False,False,False,False,True,False
c0,231,31285932,0.828,intergenic_class_I,True,False,False,False,False,False,False,False
c0,232,31285876,0.8279,intergenic_class_I,True,False,False,False,False,False,False,False
c0,233,31307961,0.8277,intergenic_class_I,True,False,False,False,True,False,True,False
c0,234,31283318,0.8275,intergenic_class_I,True,False,False,False,False,False,False,False
c0,235,31240128,0.8273,intergenic_class_I,True,False,False,False,False,False,True,False
c0,236,31286011,0.8272,intergenic_class_I,True,False,False,False,False,False,False,False
c0,237,31299970,0.827,intergenic_class_I,False,False,False,False,False,False,True,False
c0,238,31285522,0.8266,intergenic_class_I,True,False,False,False,False,False,False,False
c0,239,31237987,0.8264,HLA-C,False,False,False,False,False,False,False,False
c0,240,31295941,0.8263,intergenic_class_I,False,False,False,False,False,False,True,False
c0,241,31285696,0.8261,intergenic_class_I,True,False,False,False,False,False,False,False
c0,242,31286023,0.826,intergenic_class_I,True,False,False,False,False,False,False,False
c0,243,31296776,0.826,intergenic_class_I,True,False,False,False,False,False,False,False
c0,244,31298590,0.8256,intergenic_class_I,False,False,False,False,False,False,False,False
c0,245,31289364,0.8255,intergenic_class_I,False,False,False,False,False,False,True,False
c0,246,31289349,0.8255,intergenic_class_I,False,False,False,False,False,False,True,False
c0,247,31229123,0.8255,intergenic_class_I,False,False,False,False,False,True,True,False
c0,248,31229497,0.8255,intergenic_class_I,False,False,False,False,False,True,True,False
c0,249,31290912,0.8252,intergenic_class_I,False,False,False,False,False,False,True,False
c0,250,31308680,0.8252,intergenic_class_I,True,False,False,False,True,False,True,False
c0,251,31232275,0.8251,intergenic_class_I,False,False,False,False,False,True,True,False
c0,252,31234282,0.8251,intergenic_class_I,False,False,False,False,False,True,True,False
c0,253,31235200,0.8251,intergenic_class_I,False,False,False,False,False,True,True,False
c0,254,31308227,0.8249,intergenic_class_I,True,False,False,False,True,False,True,False
c0,255,31286140,0.8248,intergenic_class_I,True,False,False,False,False,False,False,False
c0,256,31228540,0.8247,intergenic_class_I,False,False,False,False,False,True,True,False
c0,257,31226296,0.8242,intergenic_class_I,False,False,False,False,False,True,True,False
c0,258,31296719,0.824,intergenic_class_I,False,False,False,False,False,False,False,False
c0,259,31240635,0.824,intergenic_class_I,False,False,False,False,False,True,True,False
c0,260,31287968,0.824,intergenic_class_I,True,False,False,False,False,False,False,False
c0,261,31229421,0.824,intergenic_class_I,False,False,False,False,False,True,True,False
c0,262,31306848,0.8239,intergenic_class_I,True,False,False,False,False,False,False,False
c0,263,31294847,0.8239,intergenic_class_I,False,False,False,False,False,False,True,False
c0,264,31290154,0.8236,intergenic_class_I,False,False,False,False,False,False,True,False
c0,265,31307547,0.8235,intergenic_class_I,True,False,False,False,True,False,True,False
c0,266,31320687,0.8234,intergenic_class_I,False,False,False,True,False,True,True,False
c0,267,31303747,0.8229,intergenic_class_I,False,False,False,False,False,False,True,False
c0,268,31285648,0.8227,intergenic_class_I,True,False,False,False,False,False,False,False
c0,269,31285652,0.8227,intergenic_class_I,True,False,False,False,False,False,False,False
c0,270,31222625,0.8227,intergenic_class_I,False,False,False,False,False,True,True,False
c0,271,31221284,0.8227,intergenic_class_I,False,False,False,False,False,True,True,False
c0,272,31269884,0.8225,intergenic_class_I,True,False,False,True,False,True,True,False
c0,273,31286199,0.8225,intergenic_class_I,True,False,False,False,False,False,False,False
c0,274,31243785,0.8225,intergenic_class_I,True,False,False,False,True,True,True,False
c0,275,31225681,0.8224,intergenic_class_I,False,False,False,False,False,True,True,False
c0,276,31290152,0.8219,intergenic_class_I,False,False,False,False,False,False,True,False
c0,277,31306030,0.8218,intergenic_class_I,True,False,False,False,False,False,False,False
c0,278,31297343,0.8217,intergenic_class_I,False,False,False,False,False,True,False,False
c0,279,31288629,0.8216,intergenic_class_I,True,False,False,False,False,False,False,False
c0,280,31288406,0.8216,intergenic_class_I,True,False,False,False,False,False,False,False
c0,281,31303656,0.8215,intergenic_class_I,True,False,False,False,False,False,False,False
c0,282,31289727,0.8214,intergenic_class_I,False,False,False,False,False,False,True,False
c0,283,31296020,0.8213,intergenic_class_I,False,False,False,False,False,False,True,False
c0,284,31301339,0.8212,intergenic_class_I,False,False,False,False,False,False,True,False
c0,285,31301336,0.8212,intergenic_class_I,False,False,False,False,False,False,True,False
c0,286,31307437,0.8204,intergenic_class_I,True,False,False,False,True,False,True,False
c0,287,31297022,0.8203,intergenic_class_I,False,False,False,False,False,False,True,False
c0,288,31306418,0.8202,intergenic_class_I,True,False,False,False,True,False,True,False
c0,289,31319397,0.8202,intergenic_class_I,True,False,False,True,False,False,True,False
c0,290,31302927,0.8201,intergenic_class_I,True,False,False,False,False,True,True,False
c0,291,31305328,0.82,intergenic_class_I,True,False,False,False,False,False,False,False
c0,292,31304764,0.8199,intergenic_class_I,True,False,False,False,True,False,True,False
c0,293,31306407,0.8199,intergenic_class_I,True,False,False,False,True,False,True,False
c0,294,31304135,0.8198,intergenic_class_I,True,False,False,False,True,False,True,False
c0,295,31307419,0.8197,intergenic_class_I,True,False,False,False,True,False,True,False
c0,296,31305230,0.8197,intergenic_class_I,True,False,False,False,True,False,True,False
c0,297,31305246,0.8197,intergenic_class_I,True,False,False,False,True,False,True,False
c0,298,31305206,0.8197,intergenic_class_I,True,False,False,False,True,False,True,False
c0,299,31305383,0.8197,intergenic_class_I,True,False,False,False,True,False,True,False
c0,300,31305405,0.8197,intergenic_class_I,True,False,False,False,True,False,True,False
c0,301,31305731,0.8195,intergenic_class_I,True,False,False,False,True,False,True,False
c0,302,31299685,0.8194,intergenic_class_I,False,False,False,False,False,False,True,False
c0,303,31289881,0.8194,intergenic_class_I,False,False,False,False,False,False,True,False
c0,304,31306761,0.8194,intergenic_class_I,True,False,False,False,False,False,False,False
c0,305,31306080,0.819,intergenic_class_I,True,False,False,False,True,False,True,False
c0,306,31307222,0.819,intergenic_class_I,True,False,False,False,True,False,True,False
c0,307,31306109,0.8188,intergenic_class_I,True,False,False,False,True,False,True,False
c0,308,31223978,0.8187,intergenic_class_I,False,False,False,False,False,True,True,False
c0,309,31296002,0.8185,intergenic_class_I,False,False,False,False,False,False,True,False
c0,310,31306135,0.8183,intergenic_class_I,True,False,False,False,True,False,True,False
c0,311,31306342,0.8182,intergenic_class_I,True,False,False,False,True,False,True,False
c0,312,31306354,0.8182,intergenic_class_I,True,False,False,False,True,False,True,False
c0,313,31305778,0.8181,intergenic_class_I,True,False,False,False,True,False,True,False
c0,314,31290539,0.818,intergenic_class_I,False,False,False,False,False,False,True,False
c0,315,31290537,0.818,intergenic_class_I,False,False,False,False,False,False,True,False
c0,316,31306063,0.8179,intergenic_class_I,True,False,False,False,True,False,True,False
c0,317,31199766,0.8177,intergenic_class_I,True,False,False,False,False,True,True,False
c0,318,31235193,0.8176,intergenic_class_I,True,False,False,False,False,False,False,False
c0,319,31302894,0.8175,intergenic_class_I,True,False,False,False,True,False,True,False
c0,320,31302904,0.8175,intergenic_class_I,True,False,False,False,True,False,True,False
c0,321,31290122,0.8175,intergenic_class_I,False,False,False,False,False,False,True,False
c0,322,31297770,0.8173,intergenic_class_I,False,False,False,False,False,False,True,False
c0,323,31306469,0.8172,intergenic_class_I,True,False,False,False,True,False,True,False
c0,324,31315149,0.8172,intergenic_class_I,True,False,False,False,True,False,True,False
c0,325,31306275,0.8171,intergenic_class_I,True,False,False,False,True,False,True,False
c0,326,31287606,0.8171,intergenic_class_I,True,False,False,False,False,False,False,False
c0,327,31299670,0.8169,intergenic_class_I,False,False,False,False,False,False,True,False
c0,328,31290139,0.8166,intergenic_class_I,False,False,False,False,False,False,True,False
c0,329,31290138,0.8166,intergenic_class_I,False,False,False,False,False,False,True,False
c0,330,31271285,0.8166,intergenic_class_I,True,False,False,False,False,False,True,False
c0,331,31269553,0.8165,intergenic_class_I,True,False,False,False,False,False,True,False
c0,332,31271716,0.8163,intergenic_class_I,True,False,False,False,False,False,True,False
c0,333,31302948,0.8162,intergenic_class_I,True,False,False,False,True,False,True,False
c0,334,31304562,0.816,intergenic_class_I,True,False,False,False,False,False,True,False
c0,335,31307129,0.8158,intergenic_class_I,True,False,False,False,True,False,True,False
c0,336,31271680,0.8158,intergenic_class_I,True,False,False,False,False,False,True,False
c0,337,31195803,0.8155,intergenic_class_I,True,False,False,False,False,True,True,False
c0,338,31197143,0.8155,intergenic_class_I,True,False,False,False,False,True,True,False
c0,339,31195804,0.8155,intergenic_class_I,True,False,False,False,False,True,True,False
c0,340,31307157,0.8155,intergenic_class_I,True,False,False,False,True,False,True,False
c0,341,31307163,0.8155,intergenic_class_I,True,False,False,False,True,False,True,False
c0,342,31195941,0.8155,intergenic_class_I,True,False,False,False,False,True,True,False
c0,343,31289710,0.8155,intergenic_class_I,False,False,False,False,False,False,True,False
c0,344,31239593,0.8154,HLA-C,True,False,False,False,False,False,False,False
c0,345,31268948,0.8152,intergenic_class_I,True,False,False,False,False,False,True,False
c0,346,31290127,0.8151,intergenic_class_I,False,False,False,False,False,False,True,False
c0,347,31306228,0.815,intergenic_class_I,True,False,False,False,True,False,True,False
c0,348,31294988,0.8149,intergenic_class_I,False,False,False,False,False,False,True,False
c0,349,31287068,0.8148,intergenic_class_I,True,False,False,False,False,False,False,False
c0,350,31305995,0.8147,intergenic_class_I,True,False,False,False,True,False,True,False
c0,351,31290090,0.8147,intergenic_class_I,False,False,False,False,False,False,True,False
c0,352,31242900,0.8145,intergenic_class_I,False,False,False,False,False,True,True,False
c0,353,31287338,0.8145,intergenic_class_I,True,False,False,False,False,False,False,False
c0,354,31321948,0.8144,HLA-B,False,True,True,True,True,True,True,False
c0,355,31304860,0.8144,intergenic_class_I,True,False,False,False,True,False,True,False
c1,1,31235869,0.6671,intergenic_class_I,False,False,False,True,True,True,False,False
c1,2,31235505,0.6643,intergenic_class_I,False,False,False,True,True,True,False,False
c1,3,31231176,0.6643,intergenic_class_I,False,False,False,True,True,True,False,False
c1,4,31230800,0.6643,intergenic_class_I,False,False,False,True,True,True,False,False
c1,5,31232578,0.6643,intergenic_class_I,False,False,False,True,True,True,False,False
c1,6,31232484,0.6643,intergenic_class_I,False,False,False,True,True,True,False,False
c1,7,31233074,0.6643,intergenic_class_I,False,False,False,True,True,True,False,False
c1,8,31231784,0.6643,intergenic_class_I,False,False,False,True,True,True,False,False
c1,9,31234114,0.6642,intergenic_class_I,False,False,False,True,True,True,False,False
c1,10,31233510,0.6639,intergenic_class_I,False,False,False,True,True,True,False,False
c1,11,31221922,0.6636,intergenic_class_I,False,False,False,True,True,True,False,False
c1,12,31228634,0.6636,intergenic_class_I,False,False,False,True,True,True,False,False
c1,13,31228860,0.6636,intergenic_class_I,False,False,False,True,True,True,False,False
c1,14,31225261,0.6636,intergenic_class_I,False,False,False,True,True,True,False,False
c1,15,31228084,0.6636,intergenic_class_I,False,False,False,True,True,True,False,False
c1,16,31226591,0.6636,intergenic_class_I,False,False,False,True,True,True,False,False
c1,17,31229462,0.6636,intergenic_class_I,False,False,False,True,True,True,False,False
c1,18,31228282,0.6636,intergenic_class_I,False,False,False,True,True,True,False,False
c1,19,31228214,0.6636,intergenic_class_I,False,False,False,True,True,True,False,False
c1,20,31228600,0.6635,intergenic_class_I,True,False,False,False,True,True,False,False
c1,21,31221698,0.6621,intergenic_class_I,True,False,False,True,True,True,False,False
c1,22,31229552,0.6616,intergenic_class_I,False,False,False,False,True,True,True,False
c1,23,31245534,0.661,intergenic_class_I,False,False,False,True,True,False,False,False
c1,24,31244711,0.6609,intergenic_class_I,False,False,False,True,True,False,False,False
c1,25,31244082,0.6609,intergenic_class_I,False,False,False,True,True,False,False,False
c1,26,31247319,0.6609,intergenic_class_I,False,False,False,True,True,False,False,False
c1,27,31248819,0.6609,intergenic_class_I,False,False,False,True,True,False,False,False
c1,28,31247430,0.6609,intergenic_class_I,False,False,False,True,True,False,False,False
c1,29,31271008,0.6604,intergenic_class_I,True,False,False,True,True,False,False,False
c1,30,31265057,0.6604,intergenic_class_I,True,False,False,True,True,False,False,False
c1,31,31237087,0.6603,HLA-C,False,False,False,False,False,False,False,False
c1,32,31242845,0.6603,intergenic_class_I,False,False,False,True,True,False,False,False
c1,33,31241002,0.6603,intergenic_class_I,False,False,False,True,True,False,False,False
c1,34,31242554,0.6603,intergenic_class_I,False,False,False,True,True,False,False,False
c1,35,31269029,0.6602,intergenic_class_I,True,False,False,True,True,False,False,False
c1,36,31240932,0.6602,intergenic_class_I,False,False,False,True,True,False,False,False
c1,37,31271018,0.6601,intergenic_class_I,True,False,False,True,True,False,False,False
c1,38,31271511,0.6598,intergenic_class_I,False,False,False,False,False,False,False,False
c1,39,31274555,0.6598,intergenic_class_I,False,False,False,True,True,False,False,False
c1,40,31269967,0.6597,intergenic_class_I,True,False,False,False,False,False,False,False
c1,41,31265752,0.6596,intergenic_class_I,False,False,False,True,True,False,False,False
c1,42,31263216,0.6595,intergenic_class_I,True,False,False,True,True,False,False,False
c1,43,31263297,0.6595,intergenic_class_I,True,False,False,True,True,False,False,False
c1,44,31264246,0.6595,intergenic_class_I,True,False,False,True,True,False,False,False
c1,45,31264598,0.6595,intergenic_class_I,True,False,False,True,True,False,False,False
c1,46,31262924,0.6595,intergenic_class_I,True,False,False,True,True,False,False,False
c1,47,31263911,0.6595,intergenic_class_I,True,False,False,True,True,False,False,False
c1,48,31264234,0.6595,intergenic_class_I,True,False,False,True,True,False,False,False
c1,49,31267117,0.6594,intergenic_class_I,False,False,False,True,True,True,False,False
c1,50,31232451,0.6589,intergenic_class_I,True,False,False,True,True,True,False,False
c1,51,31252925,0.6589,intergenic_class_I,False,False,False,True,True,False,False,False
c1,52,31236201,0.6589,intergenic_class_I,False,False,False,True,True,False,False,False
c1,53,31234693,0.6587,intergenic_class_I,False,False,False,True,True,True,False,False
c1,54,31271936,0.6587,intergenic_class_I,True,False,False,True,True,False,False,False
c1,55,31263475,0.6578,intergenic_class_I,True,False,False,True,True,False,False,False
c1,56,31233570,0.657,intergenic_class_I,False,False,False,False,True,True,True,False
c1,57,31231780,0.6568,intergenic_class_I,False,False,False,False,True,True,True,False
c1,58,31232247,0.6568,intergenic_class_I,False,False,False,False,True,True,True,False
c1,59,31233231,0.6568,intergenic_class_I,False,False,False,False,True,True,True,False
c1,60,31230221,0.6567,intergenic_class_I,True,False,False,False,True,True,True,False
c1,61,31230869,0.6567,intergenic_class_I,True,False,False,False,True,True,True,False
c1,62,31231539,0.6566,intergenic_class_I,False,False,False,True,True,True,False,False
c1,63,31240771,0.6564,intergenic_class_I,False,False,False,True,True,False,False,False
c1,64,31232590,0.6564,intergenic_class_I,False,False,False,False,True,True,True,False
c1,65,31264610,0.6557,intergenic_class_I,True,False,False,True,True,False,False,False
c1,66,31263536,0.6557,intergenic_class_I,True,False,False,True,True,False,False,False
c1,67,31262923,0.6557,intergenic_class_I,True,False,False,True,True,False,False,False
c1,68,31263751,0.6557,intergenic_class_I,True,False,False,True,True,False,False,False
c1,69,31263043,0.6557,intergenic_class_I,True,False,False,True,True,False,False,False
c1,70,31263640,0.6557,intergenic_class_I,True,False,False,True,True,False,False,False
c1,71,31263587,0.6557,intergenic_class_I,True,False,False,True,True,False,False,False
c1,72,31255008,0.6557,intergenic_class_I,False,False,False,True,True,False,False,False
c1,73,31263649,0.6557,intergenic_class_I,True,False,False,True,True,False,False,False
c1,74,31231692,0.6556,intergenic_class_I,False,False,False,False,True,True,True,False
c1,75,31263372,0.6541,intergenic_class_I,True,False,False,True,True,False,False,False
c1,76,31263369,0.6541,intergenic_class_I,True,False,False,True,True,False,False,False
c1,77,31263403,0.6541,intergenic_class_I,True,False,False,True,True,False,False,False
c1,78,31263492,0.6541,intergenic_class_I,True,False,False,True,True,False,False,False
c1,79,31243785,0.653,intergenic_class_I,True,False,False,False,True,True,True,False
c1,80,31264318,0.6524,intergenic_class_I,True,False,False,True,True,False,False,False
c1,81,31264319,0.6524,intergenic_class_I,True,False,False,True,True,False,False,False
c1,82,31264303,0.6521,intergenic_class_I,True,False,False,True,True,False,False,False
c1,83,31264302,0.6521,intergenic_class_I,True,False,False,True,True,False,False,False
c1,84,31231454,0.6509,intergenic_class_I,True,False,False,False,True,True,True,False
c1,85,31231106,0.6505,intergenic_class_I,False,False,False,True,True,True,False,False
c1,86,31228278,0.6484,intergenic_class_I,True,False,False,False,True,True,True,False
c1,87,31249576,0.6482,intergenic_class_I,True,False,False,False,True,False,False,False
c1,88,31222056,0.6471,intergenic_class_I,True,False,False,True,True,True,False,False
c1,89,31228357,0.6451,intergenic_class_I,True,False,False,False,True,False,True,False
c1,90,31240959,0.645,intergenic_class_I,True,False,False,False,True,False,False,False
c1,91,31243767,0.6431,intergenic_class_I,True,False,False,False,True,True,True,False
c1,92,31249127,0.6406,intergenic_class_I,True,False,False,False,True,True,False,False
c1,93,31249229,0.6403,intergenic_class_I,True,False,False,False,True,True,False,False
c1,94,31238522,0.6396,HLA-C,True,False,False,False,False,False,False,False
c1,95,31237605,0.6396,HLA-C,True,False,False,False,False,False,False,False
c1,96,31237776,0.6394,HLA-C,True,False,False,False,False,False,False,False
c1,97,31263051,0.6392,intergenic_class_I,True,False,False,False,True,False,False,False
c1,98,31214354,0.6376,intergenic_class_I,True,False,False,True,True,True,False,False
c1,99,31191636,0.6355,intergenic_class_I,True,False,False,True,True,True,False,False
c1,100,31192192,0.6355,intergenic_class_I,True,False,False,True,True,True,False,False
c1,101,31239506,0.635,HLA-C,True,False,False,False,False,False,False,False
c1,102,31249398,0.6348,intergenic_class_I,True,False,False,False,True,True,False,False
c1,103,31249478,0.6346,intergenic_class_I,True,False,False,False,True,True,False,False
c1,104,31222181,0.6334,intergenic_class_I,False,False,False,False,True,True,False,False
c1,105,31242585,0.6331,intergenic_class_I,True,False,False,False,False,False,False,False
c1,106,31316699,0.6314,intergenic_class_I,False,False,False,True,True,True,False,False
c1,107,31231989,0.6312,intergenic_class_I,True,False,False,False,True,True,True,False
c1,108,31242731,0.6305,intergenic_class_I,False,False,False,True,True,True,False,False
c1,109,31223728,0.6304,intergenic_class_I,False,False,False,False,False,False,False,False
c1,110,31264823,0.6303,intergenic_class_I,True,False,False,True,True,False,False,False
c1,111,31266090,0.6301,intergenic_class_I,False,False,False,True,True,True,False,False
c1,112,31269946,0.6301,intergenic_class_I,False,False,False,False,False,False,False,False
c1,113,31251924,0.6292,intergenic_class_I,False,False,False,True,True,True,False,False
c1,114,31320030,0.6267,intergenic_class_I,True,False,False,True,True,False,False,False
c1,115,31242174,0.6243,intergenic_class_I,True,False,False,False,True,False,True,False
c1,116,31270451,0.6234,intergenic_class_I,True,False,False,False,True,True,False,False
c1,117,31243615,0.6201,intergenic_class_I,False,False,False,True,True,True,True,False
c1,118,31242191,0.6186,intergenic_class_I,False,False,False,False,True,True,False,False
c1,119,31241127,0.6183,intergenic_class_I,True,False,False,True,True,False,False,False
c1,120,31241109,0.6183,intergenic_class_I,True,False,False,True,True,False,False,False
c1,121,31243830,0.6178,intergenic_class_I,True,False,False,False,True,True,True,False
c1,122,31243895,0.6178,intergenic_class_I,True,False,False,False,True,True,True,False
c1,123,31299163,0.6168,intergenic_class_I,False,False,False,True,True,True,False,False
c1,124,31312979,0.6161,intergenic_class_I,False,False,False,True,True,True,False,False
c1,125,31289714,0.6159,intergenic_class_I,False,False,False,True,True,True,False,False
c1,126,31326251,0.615,intergenic_class_I,True,False,False,False,True,False,True,False
c1,127,31276109,0.6148,intergenic_class_I,False,False,False,True,True,True,False,False
c1,128,31278722,0.6148,intergenic_class_I,False,False,False,False,False,False,False,False
c1,129,31326289,0.6148,intergenic_class_I,True,False,False,False,True,False,True,False
c1,130,31303331,0.6142,intergenic_class_I,False,False,False,False,False,False,False,False
c1,131,31312625,0.612,intergenic_class_I,False,False,False,True,True,True,False,False
c1,132,31239407,0.612,HLA-C,True,False,False,False,False,False,False,False
c1,133,31239417,0.612,HLA-C,True,False,False,False,False,False,False,False
c1,134,31316553,0.6116,intergenic_class_I,False,False,False,True,True,True,False,False
c1,135,31316391,0.6116,intergenic_class_I,False,False,False,True,True,True,False,False
c1,136,31315585,0.6116,intergenic_class_I,False,False,False,True,True,True,False,False
c1,137,31315587,0.6116,intergenic_class_I,False,False,False,True,True,True,False,False
c1,138,31318488,0.6116,intergenic_class_I,False,False,False,True,True,True,False,False
c1,139,31318482,0.6116,intergenic_class_I,False,False,False,True,True,True,False,False
c1,140,31317577,0.6116,intergenic_class_I,False,False,False,False,False,False,False,False
c1,141,31319606,0.6114,intergenic_class_I,False,False,False,True,True,True,False,False
c1,142,31319031,0.6109,intergenic_class_I,False,False,False,True,True,False,False,False
c1,143,31276412,0.6101,intergenic_class_I,False,False,False,True,True,True,False,False
c1,144,31221023,0.6097,intergenic_class_I,True,False,False,False,True,True,False,False
c1,145,31221153,0.6097,intergenic_class_I,True,False,False,False,True,True,True,False
c1,146,31203079,0.6087,intergenic_class_I,True,False,False,False,False,False,False,False
c1,147,31208881,0.6087,intergenic_class_I,True,False,False,True,True,True,False,False
c1,148,31210866,0.6087,intergenic_class_I,True,False,False,True,True,True,False,False
c1,149,31206920,0.6087,intergenic_class_I,True,False,False,True,True,True,False,False
c1,150,31205392,0.6087,intergenic_class_I,True,False,False,True,True,True,False,False
c1,151,31206979,0.6086,intergenic_class_I,True,False,False,True,True,True,False,False
c1,152,31220450,0.6075,intergenic_class_I,True,False,False,True,True,True,False,False
c1,153,31326131,0.6074,intergenic_class_I,True,False,False,False,True,False,True,False
c1,154,31218239,0.6073,intergenic_class_I,True,False,False,True,True,True,False,False
c1,155,31317857,0.6069,intergenic_class_I,False,False,False,True,True,True,False,False
c1,156,31221116,0.6063,intergenic_class_I,True,False,False,False,True,False,False,False
c1,157,31221117,0.6062,intergenic_class_I,True,False,False,False,True,False,False,False
c1,158,31319977,0.6062,intergenic_class_I,True,False,False,False,True,False,False,False
c1,159,31219930,0.6061,intergenic_class_I,True,False,False,True,True,True,False,False
c1,160,31220273,0.6059,intergenic_class_I,True,False,False,True,True,True,False,False
c1,161,31191867,0.6051,intergenic_class_I,True,False,False,True,True,True,False,False
c1,162,31301987,0.6049,intergenic_class_I,False,False,False,True,True,True,False,False
c1,163,31301441,0.6045,intergenic_class_I,False,False,False,True,True,True,False,False
c1,164,31195095,0.6023,intergenic_class_I,True,False,False,True,True,True,False,False
c1,165,31196197,0.6021,intergenic_class_I,True,False,False,False,False,False,False,False
c1,166,31195793,0.6021,intergenic_class_I,True,False,False,True,True,True,False,False
c1,167,31196295,0.6021,intergenic_class_I,True,False,False,True,True,True,False,False
c1,168,31199900,0.6021,intergenic_class_I,True,False,False,True,True,True,False,False
c1,169,31198778,0.6021,intergenic_class_I,True,False,False,True,True,True,False,False
c1,170,31199208,0.6021,intergenic_class_I,True,False,False,True,True,True,False,False
c1,171,31198660,0.6021,intergenic_class_I,True,False,False,True,True,True,False,False
c1,172,31199781,0.6021,intergenic_class_I,True,False,False,True,True,True,False,False
c1,173,31196671,0.6021,intergenic_class_I,True,False,False,True,True,True,False,False
c1,174,31198067,0.6021,intergenic_class_I,True,False,False,True,True,True,False,False
c1,175,31196935,0.602,intergenic_class_I,True,False,False,True,True,True,False,False
c1,176,31196840,0.602,intergenic_class_I,True,False,False,True,True,True,False,False
c1,177,31239869,0.602,intergenic_class_I,True,False,False,False,False,False,False,False
c1,178,31195979,0.602,intergenic_class_I,True,False,False,True,True,True,False,False
c1,179,31264392,0.602,intergenic_class_I,True,False,False,True,True,False,False,False
c1,180,31198632,0.6019,intergenic_class_I,True,False,False,True,True,True,False,False
c1,181,31197293,0.6019,intergenic_class_I,True,False,False,True,True,True,False,False
c1,182,31197074,0.6019,intergenic_class_I,True,False,False,True,True,True,False,False
c1,183,31198897,0.6019,intergenic_class_I,True,False,False,True,True,True,False,False
c1,184,31197696,0.6019,intergenic_class_I,True,False,False,True,True,True,False,False
c1,185,31197729,0.6019,intergenic_class_I,True,False,False,True,True,True,False,False
c1,186,31196847,0.6019,intergenic_class_I,True,False,False,True,True,True,False,False
c1,187,31197528,0.6019,intergenic_class_I,True,False,False,True,True,True,False,False
c1,188,31201472,0.6018,intergenic_class_I,True,False,False,True,True,True,False,False
c1,189,31201663,0.6018,intergenic_class_I,True,False,False,True,True,True,False,False
c1,190,31206844,0.6018,intergenic_class_I,True,False,False,True,True,True,False,False
c1,191,31201664,0.6018,intergenic_class_I,True,False,False,True,True,True,False,False
c1,192,31202680,0.6018,intergenic_class_I,True,False,False,True,True,True,False,False
c1,193,31196018,0.6017,intergenic_class_I,True,False,False,True,True,True,False,False
c1,194,31161229,0.6017,5'_of_HCG27,True,False,False,True,True,True,False,False
c1,195,31161577,0.6017,5'_of_HCG27,True,False,False,True,True,True,False,False
c1,196,31155785,0.6017,5'_of_HCG27,True,False,False,True,True,True,False,False
c1,197,31200433,0.6016,intergenic_class_I,True,False,False,False,True,True,False,False
c1,198,31300694,0.6016,intergenic_class_I,False,False,False,True,True,True,False,False
c1,199,31299882,0.6003,intergenic_class_I,False,False,False,True,True,True,False,False
c1,200,31205617,0.6003,intergenic_class_I,True,False,False,True,True,True,False,False
c1,201,31267618,0.5998,intergenic_class_I,False,False,False,True,True,True,False,False
c1,202,31142758,0.5995,5'_of_HCG27,True,False,False,True,True,True,False,False
c1,203,31320121,0.5989,intergenic_class_I,True,False,False,False,True,False,False,False
c1,204,31198213,0.5989,intergenic_class_I,True,False,False,True,True,True,False,False
c1,205,31229016,0.5987,intergenic_class_I,True,False,False,False,True,False,True,False
c1,206,31300643,0.5984,intergenic_class_I,False,False,False,True,True,True,False,False
c1,207,31235746,0.5981,intergenic_class_I,True,False,False,False,True,False,False,False
c1,208,31240721,0.5981,intergenic_class_I,True,False,False,False,True,False,True,False
c1,209,31236685,0.598,HLA-C,True,False,False,False,False,False,False,False
c1,210,31211436,0.5979,intergenic_class_I,True,False,False,False,True,True,False,False
c1,211,31319903,0.5979,intergenic_class_I,True,False,False,False,True,False,False,False
c1,212,31236175,0.5978,intergenic_class_I,False,False,False,False,True,True,False,False
c1,213,31305966,0.5978,intergenic_class_I,False,False,False,True,True,True,False,False
c1,214,31210796,0.5977,intergenic_class_I,True,False,False,False,True,True,False,False
c1,215,31210691,0.5977,intergenic_class_I,True,False,False,False,True,True,False,False
c1,216,31320138,0.5977,intergenic_class_I,True,False,False,False,True,False,False,False
c1,217,31210577,0.5976,intergenic_class_I,True,False,False,False,True,True,False,False
c1,218,31320580,0.5974,intergenic_class_I,True,False,False,False,True,False,False,False
c1,219,31216262,0.5973,intergenic_class_I,True,False,False,False,True,True,False,False
c1,220,31200816,0.5973,intergenic_class_I,True,False,False,False,True,True,False,False
c1,221,31291607,0.5973,intergenic_class_I,False,False,False,True,True,True,False,False
c1,222,31200814,0.5971,intergenic_class_I,True,False,False,False,True,True,False,False
c1,223,31201357,0.5971,intergenic_class_I,True,False,False,False,True,True,False,False
c1,224,31201524,0.597,intergenic_class_I,True,False,False,False,True,True,False,False
c1,225,31303196,0.5969,intergenic_class_I,False,False,False,True,True,True,False,False
c1,226,31320473,0.5966,intergenic_class_I,True,False,True,False,True,False,False,False
c1,227,31216507,0.5965,intergenic_class_I,True,False,False,False,True,True,False,False
c1,228,31215005,0.5965,intergenic_class_I,True,False,False,False,True,True,False,False
c1,229,31218327,0.5965,intergenic_class_I,True,False,False,False,True,True,False,False
c1,230,31214652,0.5965,intergenic_class_I,True,False,False,False,True,True,False,False
c1,231,31218208,0.5965,intergenic_class_I,True,False,False,False,True,True,False,False
c1,232,31217973,0.5965,intergenic_class_I,True,False,False,False,True,True,False,False
c1,233,31217815,0.5965,intergenic_class_I,True,False,False,False,True,True,False,False
c1,234,31217741,0.5965,intergenic_class_I,True,False,False,False,True,True,False,False
c1,235,31218984,0.5965,intergenic_class_I,True,False,False,False,True,True,False,False
c1,236,31215006,0.5965,intergenic_class_I,True,False,False,False,True,True,False,False
c1,237,31208610,0.5964,intergenic_class_I,True,False,False,False,True,True,False,False
c1,238,31291393,0.5963,intergenic_class_I,False,False,False,True,True,True,False,False
c1,239,31313415,0.596,intergenic_class_I,False,False,False,False,False,False,False,False
c1,240,31217943,0.596,intergenic_class_I,True,False,False,False,True,True,False,False
c1,241,31234381,0.596,intergenic_class_I,False,False,False,False,True,False,True,False
c1,242,31209045,0.5959,intergenic_class_I,True,False,False,False,True,True,False,False
c1,243,31299838,0.5959,intergenic_class_I,False,False,False,True,True,True,False,False
c1,244,31290884,0.5958,intergenic_class_I,False,False,False,True,True,True,False,False
c1,245,31290885,0.5958,intergenic_class_I,False,False,False,True,True,True,False,False
c1,246,31265314,0.5956,intergenic_class_I,True,False,False,False,True,False,False,False
c1,247,31224423,0.5955,intergenic_class_I,True,False,False,False,True,True,True,False
c1,248,31291740,0.5949,intergenic_class_I,False,False,False,True,True,True,False,False
c1,249,31220017,0.5939,intergenic_class_I,True,False,False,False,True,True,False,False
c1,250,31220109,0.5939,intergenic_class_I,True,False,False,False,True,True,False,False
c1,251,31228593,0.5938,intergenic_class_I,False,False,False,False,True,False,True,False
c1,252,31307316,0.5937,intergenic_class_I,False,False,False,True,True,True,False,False
c1,253,31227901,0.5936,intergenic_class_I,False,False,False,False,True,False,True,False
c1,254,31193523,0.5935,intergenic_class_I,False,False,False,False,False,False,False,False
c1,255,31225704,0.5934,intergenic_class_I,False,False,False,False,True,False,True,False
c1,256,31313632,0.5933,intergenic_class_I,False,False,False,True,True,True,False,False
c1,257,31320415,0.5932,intergenic_class_I,True,False,False,False,True,False,False,False
c1,258,31320404,0.5932,intergenic_class_I,True,False,False,False,True,False,False,False
c1,259,31229050,0.5931,intergenic_class_I,False,False,False,False,True,False,True,False
c1,260,31307176,0.5928,intergenic_class_I,False,False,False,True,True,True,False,False
c1,261,31219803,0.5927,intergenic_class_I,True,False,False,False,True,True,False,False
c1,262,31219869,0.5926,intergenic_class_I,True,False,False,False,True,True,False,False
c1,263,31219862,0.5926,intergenic_class_I,True,False,False,False,True,True,False,False
c1,264,31220027,0.5925,intergenic_class_I,True,False,False,False,True,True,False,False
c1,265,31274380,0.5924,intergenic_class_I,True,False,False,False,True,False,False,False
c1,266,31209510,0.5921,intergenic_class_I,True,False,False,False,True,True,False,False
c1,267,31209288,0.5921,intergenic_class_I,True,False,False,False,True,True,False,False
c1,268,31210774,0.592,intergenic_class_I,True,False,False,False,True,True,False,False
c1,269,31315648,0.5919,intergenic_class_I,True,False,False,False,True,False,False,False
c1,270,31319120,0.5916,intergenic_class_I,True,False,False,False,True,False,False,False
c1,271,31319119,0.5916,intergenic_class_I,True,False,False,False,True,False,False,False
c1,272,31177503,0.5915,intergenic_class_I,True,False,False,True,True,True,False,False
c1,273,31179193,0.5915,intergenic_class_I,True,False,False,True,True,True,False,False
c1,274,31176226,0.5915,intergenic_class_I,True,False,False,True,True,True,False,False
c1,275,31312586,0.5915,intergenic_class_I,True,False,False,False,True,False,False,False
c1,276,31184524,0.5914,intergenic_class_I,True,False,False,True,True,True,False,False
c1,277,31312603,0.5914,intergenic_class_I,True,False,False,False,True,False,False,False
c1,278,31224667,0.5914,intergenic_class_I,False,False,False,False,True,False,True,False
c1,279,31314073,0.591,intergenic_class_I,True,False,False,False,True,False,False,False
c1,280,31270118,0.5909,intergenic_class_I,True,False,False,False,True,False,True,False
c1,281,31122500,0.5908,5'_of_HCG27,True,False,False,True,True,True,False,False
c1,282,31241761,0.5908,intergenic_class_I,False,False,False,False,True,True,False,False
c1,283,31217539,0.5907,intergenic_class_I,True,False,False,False,True,True,False,False
c1,284,31219180,0.5907,intergenic_class_I,True,False,False,False,True,True,False,False
c1,285,31210462,0.5907,intergenic_class_I,True,False,False,False,True,True,False,False
c1,286,31318934,0.5907,intergenic_class_I,True,False,False,False,True,False,False,False
c1,287,31318561,0.5907,intergenic_class_I,True,False,False,False,True,False,False,False
c1,288,31318714,0.5907,intergenic_class_I,True,False,False,False,True,False,False,False
c1,289,31318413,0.5907,intergenic_class_I,True,False,False,False,True,False,False,False
c1,290,31318144,0.5907,intergenic_class_I,True,False,False,False,True,False,False,False
c1,291,31318468,0.5907,intergenic_class_I,True,False,False,False,True,False,False,False
c1,292,31319026,0.5907,intergenic_class_I,True,False,False,False,True,False,False,False
c1,293,31317656,0.5907,intergenic_class_I,True,False,False,False,False,False,False,False
c1,294,31410327,0.5907,HCP5,False,True,True,True,True,True,False,False
c1,295,31313834,0.5906,intergenic_class_I,True,False,False,False,True,False,False,False
c1,296,31210216,0.5906,intergenic_class_I,True,False,False,False,True,True,False,False
c1,297,31210532,0.5906,intergenic_class_I,True,False,False,False,True,True,False,False
c1,298,31210731,0.5906,intergenic_class_I,True,False,False,False,True,True,False,False
c1,299,31310235,0.5906,intergenic_class_I,True,False,False,False,False,False,False,False
c1,300,31209839,0.5905,intergenic_class_I,True,False,False,False,True,True,False,False
c1,301,31122482,0.5905,5'_of_HCG27,True,False,False,True,True,True,False,False
c1,302,31121945,0.5905,5'_of_HCG27,True,False,False,True,True,True,False,False
c1,303,31312966,0.5905,intergenic_class_I,True,False,False,False,True,False,False,False
c1,304,31312967,0.5905,intergenic_class_I,True,False,False,False,True,False,False,False
c1,305,31312826,0.5904,intergenic_class_I,True,False,False,False,True,False,False,False
c1,306,31209947,0.5904,intergenic_class_I,True,False,False,False,True,True,False,False
c1,307,31219902,0.5904,intergenic_class_I,True,False,False,False,True,True,False,False
c1,308,31125978,0.5904,5'_of_HCG27,True,False,False,True,True,True,False,False
c1,309,31208340,0.5903,intergenic_class_I,True,False,False,False,True,True,False,False
c1,310,31289033,0.5901,intergenic_class_I,False,False,False,True,True,True,False,False
c1,311,31138910,0.5899,5'_of_HCG27,True,False,False,True,True,True,False,False
c1,312,31312932,0.5898,intergenic_class_I,True,False,False,False,True,False,False,False
c1,313,31312506,0.5897,intergenic_class_I,True,False,False,False,True,False,False,False
c1,314,31313343,0.5895,intergenic_class_I,True,False,False,False,True,False,False,False
c1,315,31347057,0.5894,intergenic_class_I,True,False,False,False,False,False,True,False
c1,316,31238490,0.5893,HLA-C,True,False,False,False,False,False,False,False
c1,317,31226159,0.5893,intergenic_class_I,True,False,False,False,True,True,True,False
c1,318,31218087,0.5893,intergenic_class_I,True,False,False,False,True,True,False,False
c1,319,31219342,0.5892,intergenic_class_I,True,False,False,False,True,True,False,False
c1,320,31214576,0.5892,intergenic_class_I,True,False,False,False,True,True,False,False
c1,321,31214353,0.5892,intergenic_class_I,True,False,False,False,True,True,False,False
c1,322,31216558,0.5892,intergenic_class_I,True,False,False,False,True,True,False,False
c1,323,31216308,0.5892,intergenic_class_I,True,False,False,False,True,True,False,False
c1,324,31217403,0.5892,intergenic_class_I,True,False,False,False,True,True,False,False
c1,325,31216918,0.5892,intergenic_class_I,True,False,False,False,True,True,False,False
c1,326,31216052,0.5892,intergenic_class_I,True,False,False,False,True,True,False,False
c1,327,31215556,0.5892,intergenic_class_I,True,False,False,False,True,True,False,False
c1,328,31215635,0.5892,intergenic_class_I,True,False,False,False,True,True,False,False
c1,329,31215331,0.5892,intergenic_class_I,True,False,False,False,True,True,False,False
c1,330,31214583,0.5891,intergenic_class_I,True,False,False,False,True,True,False,False
c1,331,31195996,0.5889,intergenic_class_I,True,False,False,True,True,True,False,False
c1,332,31327334,0.5887,intergenic_class_I,True,False,True,False,False,False,False,False
c1,333,31213611,0.5885,intergenic_class_I,True,False,False,False,True,True,False,False
c1,334,31312059,0.5885,intergenic_class_I,True,False,False,False,True,False,False,False
c1,335,31320375,0.5883,intergenic_class_I,True,False,False,False,True,False,False,False
c1,336,31319175,0.5881,intergenic_class_I,True,False,False,False,False,False,False,False
c1,337,31346937,0.5879,intergenic_class_I,False,False,False,False,True,True,True,False
c1,338,31314371,0.5879,intergenic_class_I,True,False,False,False,True,False,False,False
c1,339,31314387,0.5878,intergenic_class_I,True,False,False,False,True,False,False,False
c1,340,31325320,0.5876,intergenic_class_I,True,False,False,False,False,False,True,False
c1,341,31325430,0.5876,intergenic_class_I,True,False,False,False,False,False,True,False
c1,342,31315085,0.5875,intergenic_class_I,True,False,False,False,True,False,False,False
c1,343,31314284,0.5874,intergenic_class_I,True,False,False,False,True,False,False,False
c1,344,31347033,0.5874,intergenic_class_I,True,False,False,False,False,False,True,False
c1,345,31347045,0.5874,intergenic_class_I,True,False,False,False,False,False,True,False
c1,346,31312962,0.5873,intergenic_class_I,True,False,False,False,True,False,False,False
c1,347,31310197,0.5872,intergenic_class_I,True,False,False,False,False,False,False,False
c1,348,31325270,0.5872,intergenic_class_I,True,False,False,False,False,False,True,False
c1,349,31221668,0.587,intergenic_class_I,True,False,False,False,False,True,True,False
c1,350,31320642,0.5869,intergenic_class_I,True,False,False,False,True,True,True,False
c1,351,31320654,0.5869,intergenic_class_I,True,False,False,False,True,True,True,False
c1,352,31221525,0.5867,intergenic_class_I,True,False,False,False,False,True,True,False
c1,353,31319940,0.5867,intergenic_class_I,True,False,False,False,True,False,False,False
c1,354,31308361,0.5866,intergenic_class_I,True,False,False,False,True,False,False,False
c1,355,31308491,0.5865,intergenic_class_I,True,False,False,False,False,False,False,False
c2,1,31361009,0.7183,intergenic_class_I,False,False,False,False,False,False,False,False
c2,2,31361110,0.7183,intergenic_class_I,False,False,False,False,False,False,False,False
c2,3,31362604,0.7182,intergenic_class_I,False,False,False,False,False,False,False,False
c2,4,31361325,0.7179,intergenic_class_I,False,False,False,False,False,False,False,False
c2,5,31362389,0.7178,intergenic_class_I,False,False,False,False,False,False,False,False
c2,6,31378228,0.7177,MICA,True,False,False,False,False,False,False,False
c2,7,31333303,0.7169,intergenic_class_I,True,False,False,False,False,False,False,False
c2,8,31381637,0.7169,MICA,True,False,True,True,False,False,False,False
c2,9,31378956,0.7165,MICA,True,False,True,True,False,False,False,False
c2,10,31381519,0.7165,MICA,True,False,True,True,False,False,False,False
c2,11,31378751,0.7165,MICA,True,False,True,True,False,False,False,False
c2,12,31379141,0.7165,MICA,True,False,True,True,False,False,False,False
c2,13,31380807,0.7165,MICA,True,False,True,True,False,False,False,False
c2,14,31361424,0.7165,intergenic_class_I,False,False,False,False,False,False,False,False
c2,15,31360389,0.7165,intergenic_class_I,False,False,False,False,False,False,False,False
c2,16,31359989,0.7162,intergenic_class_I,False,True,False,False,False,False,False,False
c2,17,31360918,0.7161,intergenic_class_I,False,False,False,False,False,False,False,False
c2,18,31362448,0.7159,intergenic_class_I,False,False,False,False,False,False,False,False
c2,19,31379198,0.7158,MICA,True,False,True,True,False,False,False,False
c2,20,31336250,0.7157,intergenic_class_I,True,False,False,False,False,False,False,False
c2,21,31340807,0.7154,intergenic_class_I,False,True,False,False,False,False,False,False
c2,22,31344490,0.7154,intergenic_class_I,False,True,False,False,False,False,False,False
c2,23,31332526,0.715,intergenic_class_I,False,False,True,False,False,False,False,False
c2,24,31333063,0.715,intergenic_class_I,False,False,True,False,False,False,False,False
c2,25,31333914,0.715,intergenic_class_I,False,True,True,False,False,False,False,False
c2,26,31332915,0.715,intergenic_class_I,False,False,True,False,False,False,False,False
c2,27,31330696,0.715,intergenic_class_I,True,False,True,False,False,False,False,False
c2,28,31332239,0.715,intergenic_class_I,False,True,True,False,False,False,False,False
c2,29,31336000,0.7146,intergenic_class_I,False,True,False,False,False,False,False,False
c2,30,31344857,0.7142,intergenic_class_I,True,False,False,False,False,False,False,False
c2,31,31362310,0.714,intergenic_class_I,False,False,False,False,False,False,False,False
c2,32,31379115,0.7139,MICA,True,False,True,True,False,False,False,False
c2,33,31345783,0.7139,intergenic_class_I,False,False,False,False,False,False,False,False
c2,34,31346359,0.7139,intergenic_class_I,False,True,False,False,False,False,False,False
c2,35,31345844,0.7139,intergenic_class_I,False,False,False,False,False,False,False,False
c2,36,31345781,0.7139,intergenic_class_I,False,False,False,False,False,False,False,False
c2,37,31341050,0.7139,intergenic_class_I,False,True,False,False,False,False,False,False
c2,38,31340113,0.7139,intergenic_class_I,False,True,False,False,False,False,False,False
c2,39,31343919,0.7139,intergenic_class_I,False,True,False,False,False,False,False,False
c2,40,31343221,0.7139,intergenic_class_I,False,False,False,False,False,False,False,False
c2,41,31344571,0.7139,intergenic_class_I,False,True,False,False,False,False,False,False
c2,42,31344511,0.7139,intergenic_class_I,False,True,False,False,False,False,False,False
c2,43,31346490,0.7139,intergenic_class_I,False,False,False,False,False,False,False,False
c2,44,31345535,0.7139,intergenic_class_I,False,False,False,False,False,False,False,False
c2,45,31345640,0.7139,intergenic_class_I,False,False,False,False,False,False,False,False
c2,46,31346754,0.7139,intergenic_class_I,False,False,False,False,False,False,False,False
c2,47,31346080,0.7139,intergenic_class_I,False,False,False,False,False,False,False,False
c2,48,31346006,0.7139,intergenic_class_I,False,False,False,False,False,False,False,False
c2,49,31333716,0.7139,intergenic_class_I,False,True,True,False,False,False,False,False
c2,50,31344098,0.7139,intergenic_class_I,False,False,False,False,False,False,False,False
c2,51,31346249,0.7139,intergenic_class_I,False,False,False,False,False,False,False,False
c2,52,31344008,0.7139,intergenic_class_I,False,False,False,False,False,False,False,False
c2,53,31345728,0.7139,intergenic_class_I,False,False,False,False,False,False,False,False
c2,54,31345513,0.7139,intergenic_class_I,False,False,False,False,False,False,False,False
c2,55,31343981,0.7139,intergenic_class_I,False,False,False,False,False,False,False,False
c2,56,31345523,0.7138,intergenic_class_I,False,False,False,False,False,False,False,False
c2,57,31356702,0.7134,intergenic_class_I,False,False,False,False,False,False,False,False
c2,58,31356574,0.7134,intergenic_class_I,False,False,False,False,False,False,False,False
c2,59,31329734,0.7131,intergenic_class_I,True,False,True,False,False,False,False,False
c2,60,31351175,0.713,intergenic_class_I,True,False,True,True,True,True,False,False
c2,61,31330251,0.713,intergenic_class_I,False,True,True,False,False,False,False,False
c2,62,31352549,0.7129,intergenic_class_I,False,False,False,False,False,False,False,False
c2,63,31353934,0.7129,intergenic_class_I,False,False,False,False,False,False,False,False
c2,64,31354344,0.7129,intergenic_class_I,False,False,False,False,False,False,False,False
c2,65,31351999,0.7129,intergenic_class_I,False,False,False,False,False,False,False,False
c2,66,31352328,0.7129,intergenic_class_I,False,False,False,False,False,False,False,False
c2,67,31352287,0.7129,intergenic_class_I,False,False,False,False,False,False,False,False
c2,68,31352459,0.7129,intergenic_class_I,False,False,False,False,False,False,False,False
c2,69,31352366,0.7129,intergenic_class_I,False,False,False,False,False,False,False,False
c2,70,31352902,0.7129,intergenic_class_I,False,True,False,False,False,False,False,False
c2,71,31354167,0.7129,intergenic_class_I,False,False,False,False,False,False,False,False
c2,72,31354165,0.7129,intergenic_class_I,False,False,False,False,False,False,False,False
c2,73,31354283,0.7129,intergenic_class_I,False,False,False,False,False,False,False,False
c2,74,31355525,0.7129,intergenic_class_I,False,False,False,False,False,False,False,False
c2,75,31352255,0.7129,intergenic_class_I,False,False,False,False,False,False,False,False
c2,76,31352201,0.7129,intergenic_class_I,False,False,False,False,False,False,False,False
c2,77,31352173,0.7129,intergenic_class_I,False,False,False,False,False,False,False,False
c2,78,31352265,0.7129,intergenic_class_I,False,False,False,False,False,False,False,False
c2,79,31352776,0.7129,intergenic_class_I,False,False,False,False,False,False,False,False
c2,80,31352748,0.7129,intergenic_class_I,False,False,False,False,False,False,False,False
c2,81,31352702,0.7129,intergenic_class_I,False,False,False,False,False,False,False,False
c2,82,31352674,0.7129,intergenic_class_I,False,False,False,False,False,False,False,False
c2,83,31352113,0.7129,intergenic_class_I,True,False,True,False,False,False,True,False
c2,84,31336628,0.7126,intergenic_class_I,False,True,False,False,False,False,False,False
c2,85,31337780,0.7126,intergenic_class_I,False,True,False,False,False,False,False,False
c2,86,31337654,0.7126,intergenic_class_I,False,True,False,False,False,False,False,False
c2,87,31337209,0.7126,intergenic_class_I,False,True,False,False,False,False,False,False
c2,88,31339844,0.7125,intergenic_class_I,False,True,False,False,False,False,False,False
c2,89,31341357,0.7124,intergenic_class_I,False,True,False,False,False,False,False,False
c2,90,31334174,0.7124,intergenic_class_I,False,True,False,False,False,False,False,False
c2,91,31351982,0.7122,intergenic_class_I,False,True,False,False,False,False,False,False
c2,92,31351981,0.7122,intergenic_class_I,False,True,False,False,False,False,False,False
c2,93,31351985,0.7122,intergenic_class_I,False,True,False,False,False,False,False,False
c2,94,31352073,0.7122,intergenic_class_I,False,True,False,False,False,False,False,False
c2,95,31352077,0.7122,intergenic_class_I,False,True,False,False,False,False,False,False
c2,96,31353033,0.712,intergenic_class_I,False,False,False,False,False,False,False,False
c2,97,31353039,0.712,intergenic_class_I,False,False,False,False,False,False,False,False
c2,98,31352984,0.712,intergenic_class_I,False,False,False,False,False,False,False,False
c2,99,31352973,0.712,intergenic_class_I,False,False,False,False,False,False,False,False
c2,100,31352844,0.712,intergenic_class_I,False,False,False,False,False,False,False,False
c2,101,31352830,0.712,intergenic_class_I,False,False,False,False,False,False,False,False
c2,102,31338979,0.7119,intergenic_class_I,False,False,False,False,False,False,False,False
c2,103,31336644,0.7119,intergenic_class_I,False,True,False,False,False,False,False,False
c2,104,31332091,0.7115,intergenic_class_I,False,False,True,False,False,False,False,False
c2,105,31332078,0.7115,intergenic_class_I,False,False,True,False,False,False,False,False
c2,106,31332051,0.7115,intergenic_class_I,False,True,True,False,False,False,False,False
c2,107,31351133,0.7114,intergenic_class_I,False,False,False,False,False,False,False,False
c2,108,31350154,0.7114,intergenic_class_I,False,False,False,False,False,False,False,False
c2,109,31350314,0.7114,intergenic_class_I,False,False,False,False,False,False,False,False
c2,110,31350822,0.7114,intergenic_class_I,False,False,False,False,False,False,False,False
c2,111,31351181,0.7114,intergenic_class_I,False,False,False,False,False,False,False,False
c2,112,31335623,0.7113,intergenic_class_I,False,True,False,False,False,False,False,False
c2,113,31335582,0.7113,intergenic_class_I,False,True,False,False,False,False,False,False
c2,114,31335507,0.7113,intergenic_class_I,False,True,False,False,False,False,False,False
c2,115,31364083,0.7112,intergenic_class_I,False,False,False,False,False,False,False,False
c2,116,31364692,0.7111,intergenic_class_I,False,False,False,False,False,False,False,False
c2,117,31364105,0.7111,intergenic_class_I,False,False,False,False,False,False,False,False
c2,118,31339537,0.7111,intergenic_class_I,False,True,False,False,False,False,False,False
c2,119,31339536,0.7111,intergenic_class_I,False,True,False,False,False,False,False,False
c2,120,31334731,0.7111,intergenic_class_I,False,False,False,False,False,False,False,False
c2,121,31347877,0.711,intergenic_class_I,False,False,False,False,False,False,False,False
c2,122,31339334,0.7109,intergenic_class_I,False,True,False,False,False,False,False,False
c2,123,31339455,0.7109,intergenic_class_I,False,True,False,False,False,False,False,False
c2,124,31364603,0.7109,intergenic_class_I,False,True,False,False,False,False,False,False
c2,125,31359025,0.7109,intergenic_class_I,False,False,False,False,False,False,False,False
c2,126,31351079,0.7108,intergenic_class_I,False,False,False,False,False,False,False,False
c2,127,31373810,0.7108,MICA,False,False,False,False,False,False,False,False
c2,128,31368588,0.7108,MICA,False,False,False,False,False,False,False,False
c2,129,31374262,0.7108,MICA,False,True,False,False,False,False,False,False
c2,130,31363489,0.7107,intergenic_class_I,False,False,False,False,False,False,False,False
c2,131,31342436,0.7105,intergenic_class_I,False,False,False,False,False,False,False,False
c2,132,31376206,0.7105,MICA,False,False,False,False,False,False,False,False
c2,133,31371521,0.7105,MICA,False,False,False,False,False,False,False,False
c2,134,31370007,0.7105,MICA,False,False,False,False,False,False,False,False
c2,135,31374682,0.7105,MICA,False,False,False,False,False,False,False,False
c2,136,31368370,0.7105,MICA,False,False,False,False,False,False,False,False
c2,137,31374184,0.7105,MICA,False,True,False,False,False,False,False,False
c2,138,31338127,0.7105,intergenic_class_I,False,False,False,False,False,False,False,False
c2,139,31337437,0.7096,intergenic_class_I,False,False,False,False,False,False,False,False
c2,140,31364357,0.7096,intergenic_class_I,False,False,False,False,False,False,False,False
c2,141,31372664,0.709,MICA,False,False,False,False,False,False,False,False
c2,142,31347070,0.7088,intergenic_class_I,True,False,True,True,True,True,False,False
c2,143,31362271,0.7088,intergenic_class_I,False,False,False,False,False,False,False,False
c2,144,31362274,0.7088,intergenic_class_I,False,False,False,False,False,False,False,False
c2,145,31362266,0.7088,intergenic_class_I,False,False,False,False,False,False,False,False
c2,146,31362265,0.7088,intergenic_class_I,False,False,False,False,False,False,False,False
c2,147,31341786,0.7068,intergenic_class_I,False,True,False,False,False,False,False,False
c2,148,31330844,0.7024,intergenic_class_I,True,False,True,False,False,True,False,False
c2,149,31330411,0.7021,intergenic_class_I,True,False,True,False,False,True,False,False
c2,150,31334945,0.7013,intergenic_class_I,True,False,True,False,False,True,False,False
c2,151,31330370,0.7001,intergenic_class_I,False,True,True,False,False,False,False,False
c2,152,31336349,0.6996,intergenic_class_I,True,False,True,False,False,True,False,False
c2,153,31337281,0.6996,intergenic_class_I,True,False,True,False,False,True,False,False
c2,154,31359394,0.6993,intergenic_class_I,False,True,False,False,False,True,False,False
c2,155,31337431,0.6971,intergenic_class_I,True,False,False,False,False,False,False,False
c2,156,31362159,0.695,intergenic_class_I,False,False,False,False,False,False,False,False
c2,157,31362166,0.695,intergenic_class_I,False,False,False,False,False,False,False,False
c2,158,31207884,0.6939,intergenic_class_I,True,False,False,False,False,False,False,False
c2,159,31358211,0.6938,intergenic_class_I,False,False,False,False,False,False,False,False
c2,160,31337207,0.6908,intergenic_class_I,True,False,False,False,False,False,False,False
c2,161,31377754,0.6816,MICA,False,True,False,False,True,False,False,False
c2,162,31352086,0.6752,intergenic_class_I,False,True,False,False,False,False,False,False
c2,163,31337815,0.6741,intergenic_class_I,False,False,False,False,False,False,False,False
c2,164,31341598,0.674,intergenic_class_I,False,True,False,False,False,False,False,False
c2,165,31338626,0.6735,intergenic_class_I,True,False,False,False,False,False,False,False
c2,166,31347566,0.6708,intergenic_class_I,True,False,True,True,True,True,False,False
c2,167,31347550,0.6708,intergenic_class_I,True,False,True,True,True,True,False,False
c2,168,31347546,0.6707,intergenic_class_I,True,False,True,True,True,True,False,False
c2,169,31360672,0.6659,intergenic_class_I,False,False,False,False,False,False,False,False
c2,170,31353795,0.6627,intergenic_class_I,False,False,False,False,False,False,False,False
c2,171,31383848,0.6604,HCP5,True,False,True,True,False,False,False,False
c2,172,31381162,0.6602,MICA,True,False,True,True,False,False,False,False
c2,173,31379134,0.6602,MICA,True,True,True,False,False,False,False,False
c2,174,31383686,0.6602,HCP5,True,False,True,True,False,False,False,False
c2,175,31380852,0.6602,MICA,True,False,True,True,False,False,False,False
c2,176,31381492,0.6602,MICA,True,False,True,True,False,False,False,False
c2,177,31386000,0.6602,HCP5,True,True,True,False,False,False,False,False
c2,178,31388522,0.6602,HCP5,False,False,False,False,False,False,False,False
c2,179,31390621,0.6602,HCP5,True,True,True,False,False,False,False,False
c2,180,31386019,0.6602,HCP5,True,True,True,False,False,False,False,False
c2,181,31378301,0.6602,MICA,True,True,True,False,False,False,False,False
c2,182,31387912,0.6602,HCP5,True,True,True,False,False,False,False,False
c2,183,31338303,0.6588,intergenic_class_I,True,False,True,False,False,True,False,False
c2,184,31343080,0.6587,intergenic_class_I,True,False,True,False,False,True,False,False
c2,185,31343710,0.6587,intergenic_class_I,True,False,True,False,False,True,False,False
c2,186,31343100,0.6585,intergenic_class_I,True,False,True,False,False,True,False,False
c2,187,31338360,0.6585,intergenic_class_I,True,False,True,False,False,True,False,False
c2,188,31338337,0.6585,intergenic_class_I,True,False,True,False,False,True,False,False
c2,189,31341693,0.6583,intergenic_class_I,True,False,False,False,False,False,False,False
c2,190,31343862,0.6582,intergenic_class_I,True,False,True,False,False,True,False,False
c2,191,31343604,0.6582,intergenic_class_I,True,False,True,False,False,True,False,False
c2,192,31344384,0.6581,intergenic_class_I,True,False,True,False,False,True,False,False
c2,193,31345237,0.6581,intergenic_class_I,True,False,True,False,False,True,False,False
c2,194,31345876,0.6581,intergenic_class_I,True,False,True,False,False,True,False,False
c2,195,31346114,0.6581,intergenic_class_I,True,False,True,False,False,True,False,False
c2,196,31345794,0.6581,intergenic_class_I,True,False,True,False,False,True,False,False
c2,197,31346247,0.6581,intergenic_class_I,True,False,True,False,False,True,False,False
c2,198,31345801,0.6581,intergenic_class_I,True,False,True,False,False,True,False,False
c2,199,31340914,0.6581,intergenic_class_I,True,False,True,False,False,True,False,False
c2,200,31340219,0.6581,intergenic_class_I,True,False,True,False,False,True,False,False
c2,201,31344348,0.6581,intergenic_class_I,True,False,True,False,False,True,False,False
c2,202,31343569,0.658,intergenic_class_I,True,False,True,False,False,True,False,False
c2,203,31343574,0.658,intergenic_class_I,True,False,True,False,False,True,False,False
c2,204,31342370,0.6578,intergenic_class_I,True,False,True,False,False,True,False,False
c2,205,31339717,0.6577,intergenic_class_I,True,False,True,False,False,True,False,False
c2,206,31343227,0.6577,intergenic_class_I,True,False,True,False,False,True,False,False
c2,207,31345021,0.6577,intergenic_class_I,True,False,True,False,False,True,False,False
c2,208,31343033,0.6576,intergenic_class_I,True,False,True,False,False,True,False,False
c2,209,31340328,0.6575,intergenic_class_I,True,False,True,False,False,True,False,False
c2,210,31340213,0.6575,intergenic_class_I,True,False,True,False,False,True,False,False
c2,211,31342205,0.6574,intergenic_class_I,True,False,True,False,False,True,False,False
c2,212,31342388,0.6573,intergenic_class_I,True,False,True,False,False,True,False,False
c2,213,31337850,0.6573,intergenic_class_I,True,False,True,False,False,True,False,False
c2,214,31339260,0.6572,intergenic_class_I,True,False,True,False,False,True,False,False
c2,215,31339261,0.6572,intergenic_class_I,True,False,True,False,False,True,False,False
c2,216,31339240,0.6572,intergenic_class_I,True,False,True,False,False,True,False,False
c2,217,31337671,0.6571,intergenic_class_I,True,False,True,False,False,True,False,False
c2,218,31337804,0.6571,intergenic_class_I,True,False,True,False,False,True,False,False
c2,219,31337695,0.6571,intergenic_class_I,True,False,True,False,False,True,False,False
c2,220,31337691,0.6571,intergenic_class_I,True,False,True,False,False,True,False,False
c2,221,31341556,0.6571,intergenic_class_I,True,False,True,False,False,True,False,False
c2,222,31338911,0.6571,intergenic_class_I,True,False,True,False,False,True,False,False
c2,223,31339042,0.6571,intergenic_class_I,True,False,True,False,False,True,False,False
c2,224,31338946,0.6571,intergenic_class_I,True,False,True,False,False,True,False,False
c2,225,31346805,0.6569,intergenic_class_I,False,False,False,False,False,True,False,False
c2,226,31338659,0.6569,intergenic_class_I,True,False,True,False,False,True,False,False
c2,227,31413726,0.6568,HCP5,True,True,False,False,False,False,False,False
c2,228,31338159,0.6567,intergenic_class_I,True,False,True,False,False,True,False,False
c2,229,31338183,0.6567,intergenic_class_I,True,False,True,False,False,True,False,False
c2,230,31342660,0.6567,intergenic_class_I,True,False,True,False,False,True,False,False
c2,231,31339632,0.6567,intergenic_class_I,True,False,True,False,False,True,False,False
c2,232,31338385,0.6567,intergenic_class_I,True,False,True,False,False,True,False,False
c2,233,31340559,0.6566,intergenic_class_I,True,False,True,False,False,True,False,False
c2,234,31340225,0.6566,intergenic_class_I,True,False,True,False,False,True,False,False
c2,235,31343304,0.6566,intergenic_class_I,True,False,False,False,False,False,False,False
c2,236,31340491,0.6566,intergenic_class_I,True,False,True,False,False,True,False,False
c2,237,31340488,0.6566,intergenic_class_I,True,False,True,False,False,True,False,False
c2,238,31341233,0.6555,intergenic_class_I,True,False,True,False,False,True,False,False
c2,239,31338093,0.6552,intergenic_class_I,True,False,True,False,False,True,False,False
c2,240,31338126,0.6552,intergenic_class_I,True,False,True,False,False,True,False,False
c2,241,31338108,0.6552,intergenic_class_I,True,False,True,False,False,True,False,False
c2,242,31337872,0.6549,intergenic_class_I,True,False,True,False,False,True,False,False
c2,243,31341470,0.6547,intergenic_class_I,True,False,True,False,False,True,False,False
c2,244,31341253,0.6545,intergenic_class_I,True,False,True,False,False,True,False,False
c2,245,31341312,0.6545,intergenic_class_I,True,False,True,False,False,True,False,False
c2,246,31341260,0.6545,intergenic_class_I,True,False,True,False,False,True,False,False
c2,247,31323353,0.6542,HLA-B,True,False,False,False,False,False,False,False
c2,248,31342178,0.6539,intergenic_class_I,True,False,False,False,False,False,False,False
c2,249,31428967,0.6511,HCP5,True,False,False,False,False,True,False,False
c2,250,31386961,0.6507,HCP5,True,True,False,False,False,False,False,False
c2,251,31364832,0.6499,intergenic_class_I,False,True,False,False,False,False,False,False
c2,252,31376545,0.6494,MICA,False,False,False,False,False,False,False,False
c2,253,31351530,0.6485,intergenic_class_I,False,False,False,False,False,True,False,False
c2,254,31341641,0.6462,intergenic_class_I,True,False,False,False,False,False,False,False
c2,255,31362341,0.6448,intergenic_class_I,False,False,False,False,False,False,False,False
c2,256,31351764,0.6395,intergenic_class_I,True,False,False,False,False,True,False,False
c2,257,31326322,0.6391,intergenic_class_I,True,False,False,False,False,True,False,False
c2,258,31341578,0.6386,intergenic_class_I,False,False,False,False,False,False,False,False
c2,259,31343059,0.6361,intergenic_class_I,True,False,True,False,False,True,False,False
c2,260,31346079,0.6345,intergenic_class_I,True,False,True,False,False,True,False,False
c2,261,31346762,0.6333,intergenic_class_I,True,False,False,False,False,False,False,False
c2,262,31323233,0.6324,HLA-B,True,False,False,False,False,False,False,False
c2,263,31342093,0.6299,intergenic_class_I,False,True,False,False,False,False,False,False
c2,264,31322197,0.6276,HLA-B,True,False,False,False,False,False,False,False
c2,265,31346937,0.6256,intergenic_class_I,False,False,False,False,True,True,True,False
c2,266,31347057,0.6228,intergenic_class_I,True,False,False,False,False,False,True,False
c2,267,31347045,0.6227,intergenic_class_I,True,False,False,False,False,False,True,False
c2,268,31347033,0.6227,intergenic_class_I,True,False,False,False,False,False,True,False
c2,269,31347020,0.6218,intergenic_class_I,False,False,False,False,True,True,True,False
c2,270,31141612,0.6215,5'_of_HCG27,True,False,False,False,False,True,False,False
c2,271,31341575,0.6204,intergenic_class_I,True,False,False,False,False,False,False,False
c2,272,31341588,0.6204,intergenic_class_I,True,False,False,False,False,False,False,False
c2,273,31365547,0.6197,intergenic_class_I,False,False,False,False,False,True,True,False
c2,274,31342010,0.6186,intergenic_class_I,True,False,True,False,False,True,False,False
c2,275,31342076,0.6171,intergenic_class_I,False,False,False,False,False,False,False,False
c2,276,31341834,0.615,intergenic_class_I,False,True,False,False,False,False,False,False
c2,277,31342029,0.615,intergenic_class_I,True,False,True,False,False,True,False,False
c2,278,31347538,0.6134,intergenic_class_I,True,False,False,True,True,True,False,False
c2,279,31201803,0.6134,intergenic_class_I,True,False,False,True,False,True,False,False
c2,280,31346755,0.6125,intergenic_class_I,False,True,False,False,False,True,True,False
c2,281,31327334,0.6107,intergenic_class_I,True,False,True,False,False,False,False,False
c2,282,31351887,0.6068,intergenic_class_I,True,False,False,False,False,True,False,False
c2,283,31414906,0.6048,HCP5,True,False,False,False,False,False,False,False
c2,284,31414731,0.6048,HCP5,True,False,False,False,False,False,False,False
c2,285,31351733,0.6034,intergenic_class_I,False,False,True,False,False,False,True,False
c2,286,31342052,0.6026,intergenic_class_I,True,False,False,False,False,False,False,False
c2,287,31342046,0.6026,intergenic_class_I,True,False,False,False,False,False,False,False
c2,288,31325025,0.5999,intergenic_class_I,True,False,False,False,False,False,False,False
c2,289,31325023,0.5999,intergenic_class_I,True,False,False,False,False,False,False,False
c2,290,31347451,0.5994,intergenic_class_I,False,False,False,False,False,False,False,False
c2,291,31347204,0.5988,intergenic_class_I,False,False,False,False,False,False,True,False
c2,292,31150435,0.5973,5'_of_HCG27,True,False,False,False,False,True,False,False
c2,293,31325756,0.5967,intergenic_class_I,False,False,False,False,True,False,True,False
c2,294,31311480,0.5954,intergenic_class_I,True,False,False,False,True,False,False,False
c2,295,31325758,0.5952,intergenic_class_I,False,False,False,False,True,False,True,False
c2,296,31325745,0.5952,intergenic_class_I,False,False,False,False,True,False,True,False
c2,297,31351608,0.5945,intergenic_class_I,True,False,False,False,False,True,False,False
c2,298,31243420,0.5939,intergenic_class_I,True,False,False,True,True,True,False,False
c2,299,31324953,0.5912,HLA-B,True,False,False,False,False,False,False,False
c2,300,31325792,0.5906,intergenic_class_I,True,False,True,False,False,False,True,False
c2,301,31326324,0.5906,intergenic_class_I,True,False,True,False,False,False,True,False
c2,302,31324549,0.5902,HLA-B,True,False,False,False,False,False,False,False
c2,303,31324547,0.5902,HLA-B,True,False,False,False,False,False,False,False
c2,304,31249790,0.5898,intergenic_class_I,True,False,False,False,False,False,True,False
c2,305,31329494,0.5896,intergenic_class_I,True,False,False,True,False,True,False,False
c2,306,31356299,0.5887,intergenic_class_I,False,False,False,False,False,False,False,False
c2,307,31342781,0.5881,intergenic_class_I,True,False,False,False,False,True,True,False
c2,308,31344670,0.5876,intergenic_class_I,True,False,False,False,False,True,True,False
c2,309,31141209,0.5867,5'_of_HCG27,False,False,False,False,False,False,True,False
c2,310,31413798,0.5866,HCP5,False,False,False,False,False,False,False,False
c2,311,31417437,0.5866,HCP5,False,False,False,False,False,False,False,False
c2,312,31404632,0.5865,HCP5,True,True,True,False,False,False,False,False
c2,313,31394700,0.5865,HCP5,True,True,True,False,False,False,False,False
c2,314,31392790,0.5865,HCP5,True,True,True,False,False,False,False,False
c2,315,31402128,0.5865,HCP5,True,True,True,False,False,False,False,False
c2,316,31324788,0.5865,HLA-B,True,False,False,False,False,False,False,False
c2,317,31324790,0.5865,HLA-B,True,False,False,False,False,False,False,False
c2,318,31418992,0.5861,HCP5,True,True,True,False,False,False,False,False
c2,319,31417645,0.5859,HCP5,True,True,True,False,False,False,False,False
c2,320,31415013,0.5859,HCP5,True,True,True,False,False,False,False,False
c2,321,31416699,0.5859,HCP5,True,True,True,False,False,False,False,False
c2,322,31420687,0.5859,HCP5,True,True,True,False,False,False,False,False
c2,323,31420856,0.5859,HCP5,True,True,True,False,False,False,False,False
c2,324,31421207,0.5859,HCP5,True,True,True,False,False,False,False,False
c2,325,31421358,0.5859,HCP5,True,True,True,False,False,False,False,False
c2,326,31420911,0.5859,HCP5,True,True,True,False,False,False,False,False
c2,327,31420656,0.5859,HCP5,True,True,False,False,False,False,False,False
c2,328,31418652,0.5859,HCP5,True,True,True,False,False,False,False,False
c2,329,31420285,0.5859,HCP5,True,True,True,False,False,False,False,False
c2,330,31418022,0.5858,HCP5,True,True,True,False,False,False,False,False
c2,331,31407758,0.5856,HCP5,False,False,False,False,False,False,False,False
c2,332,31408265,0.5856,HCP5,False,False,False,False,False,False,False,False
c2,333,31192797,0.5851,intergenic_class_I,True,False,False,True,False,True,False,False
c2,334,31192796,0.5851,intergenic_class_I,True,False,False,True,False,True,False,False
c2,335,31425985,0.585,HCP5,True,True,False,False,False,False,False,False
c2,336,31424757,0.585,HCP5,True,True,True,False,False,False,False,False
c2,337,31417510,0.585,HCP5,True,True,True,False,False,False,False,False
c2,338,31420863,0.585,HCP5,True,True,True,False,False,False,False,False
c2,339,31417647,0.585,HCP5,True,True,True,False,False,False,False,False
c2,340,31416536,0.585,HCP5,True,True,True,False,False,False,False,False
c2,341,31133509,0.5836,5'_of_HCG27,True,False,False,False,False,False,False,False
c2,342,31128552,0.5836,5'_of_HCG27,True,False,False,False,False,False,False,False
c2,343,31133943,0.5836,5'_of_HCG27,True,False,False,False,False,False,False,False
c2,344,31132414,0.5836,5'_of_HCG27,True,False,False,False,False,False,False,False
c2,345,31132649,0.5836,5'_of_HCG27,True,False,False,False,False,False,False,False
c2,346,31247121,0.5827,intergenic_class_I,True,False,False,False,True,False,False,False
c2,347,31247169,0.5827,intergenic_class_I,True,False,False,False,True,False,False,False
c2,348,31135172,0.5823,5'_of_HCG27,True,False,False,False,False,False,False,False
c2,349,31249593,0.5813,intergenic_class_I,True,False,False,False,True,True,True,False
c2,350,31424461,0.5802,HCP5,True,True,False,False,False,False,False,False
c2,351,31239449,0.5743,HLA-C,True,False,False,False,False,False,False,False
c2,352,31415506,0.5738,HCP5,True,False,False,False,False,False,False,False
c2,353,31420713,0.5729,HCP5,False,True,False,False,False,False,False,False
c2,354,31414327,0.5728,HCP5,True,False,True,False,True,False,False,False
c2,355,31424469,0.5709,HCP5,False,True,False,False,False,False,False,False
c3,1,31325430,0.4546,intergenic_class_I,True,False,False,False,False,False,True,False
c3,2,31325270,0.4535,intergenic_class_I,True,False,False,False,False,False,True,False
c3,3,31325320,0.4512,intergenic_class_I,True,False,False,False,False,False,True,False
c3,4,31325323,0.451,intergenic_class_I,True,False,False,False,False,False,True,False
c3,5,31326166,0.4443,intergenic_class_I,False,False,False,False,True,False,True,False
c3,6,31293827,0.4293,intergenic_class_I,True,False,False,False,False,False,False,False
c3,7,31314066,0.4216,intergenic_class_I,True,False,False,False,False,False,True,False
c3,8,31287611,0.4199,intergenic_class_I,True,False,False,False,False,False,False,False
c3,9,31325151,0.4192,intergenic_class_I,True,False,False,False,False,False,False,False
c3,10,31300931,0.418,intergenic_class_I,True,False,False,False,False,False,False,False
c3,11,31284802,0.4167,intergenic_class_I,True,False,False,False,False,False,False,False
c3,12,31283567,0.4166,intergenic_class_I,True,False,False,False,False,False,False,False
c3,13,31280740,0.4165,intergenic_class_I,True,False,False,False,False,False,False,False
c3,14,31280746,0.4165,intergenic_class_I,True,False,False,False,False,False,False,False
c3,15,31280745,0.4165,intergenic_class_I,True,False,False,False,False,False,False,False
c3,16,31284109,0.4165,intergenic_class_I,True,False,False,False,True,False,False,False
c3,17,31283968,0.4165,intergenic_class_I,True,False,False,False,True,False,False,False
c3,18,31283890,0.4165,intergenic_class_I,True,False,False,False,False,False,False,False
c3,19,31281113,0.4165,intergenic_class_I,True,False,False,False,True,False,False,False
c3,20,31281109,0.4165,intergenic_class_I,True,False,False,False,True,False,False,False
c3,21,31281108,0.4165,intergenic_class_I,True,False,False,False,True,False,False,False
c3,22,31280931,0.4164,intergenic_class_I,True,False,False,False,False,False,False,False
c3,23,31283482,0.4163,intergenic_class_I,True,False,False,False,False,False,False,False
c3,24,31280955,0.4163,intergenic_class_I,True,False,False,False,False,False,False,False
c3,25,31281004,0.4163,intergenic_class_I,True,False,False,False,False,False,False,False
c3,26,31283037,0.4162,intergenic_class_I,True,False,False,False,True,False,False,False
c3,27,31283017,0.4162,intergenic_class_I,True,False,False,False,False,False,False,False
c3,28,31280865,0.4162,intergenic_class_I,True,False,False,False,False,False,False,False
c3,29,31280823,0.4162,intergenic_class_I,True,False,False,False,False,False,False,False
c3,30,31280873,0.4162,intergenic_class_I,True,False,False,False,False,False,False,False
c3,31,31280020,0.4162,intergenic_class_I,True,False,False,False,False,False,False,False
c3,32,31280327,0.4162,intergenic_class_I,True,False,False,False,False,False,False,False
c3,33,31280101,0.4162,intergenic_class_I,True,False,False,False,False,False,False,False
c3,34,31280196,0.4162,intergenic_class_I,True,False,False,False,False,False,False,False
c3,35,31280585,0.4162,intergenic_class_I,True,False,False,False,False,False,False,False
c3,36,31279977,0.4162,intergenic_class_I,True,False,False,False,False,False,False,False
c3,37,31279918,0.4162,intergenic_class_I,True,False,False,False,False,False,False,False
c3,38,31279907,0.4162,intergenic_class_I,True,False,False,False,False,False,False,False
c3,39,31279815,0.4162,intergenic_class_I,True,False,False,False,False,False,False,False
c3,40,31279855,0.4162,intergenic_class_I,True,False,False,False,False,False,False,False
c3,41,31280890,0.4162,intergenic_class_I,True,False,False,False,False,False,False,False
c3,42,31279783,0.4162,intergenic_class_I,True,False,False,False,False,False,False,False
c3,43,31279638,0.4162,intergenic_class_I,True,False,False,False,False,False,False,False
c3,44,31281995,0.4161,intergenic_class_I,True,False,False,False,True,False,False,False
c3,45,31281770,0.4161,intergenic_class_I,True,False,False,False,False,False,False,False
c3,46,31281902,0.4161,intergenic_class_I,True,False,False,False,False,False,False,False
c3,47,31281964,0.4161,intergenic_class_I,True,False,False,False,True,False,False,False
c3,48,31281813,0.4161,intergenic_class_I,True,False,False,False,True,False,False,False
c3,49,31282749,0.4161,intergenic_class_I,True,False,False,False,False,False,False,False
c3,50,31281627,0.416,intergenic_class_I,True,False,False,False,False,False,False,False
c3,51,31281680,0.416,intergenic_class_I,True,False,False,False,True,False,False,False
c3,52,31281048,0.416,intergenic_class_I,True,False,False,False,False,False,False,False
c3,53,31281046,0.416,intergenic_class_I,True,False,False,False,False,False,False,False
c3,54,31282683,0.4159,intergenic_class_I,True,False,False,False,False,False,False,False
c3,55,31282702,0.4159,intergenic_class_I,True,False,False,False,False,False,False,False
c3,56,31282630,0.4159,intergenic_class_I,True,False,False,False,False,False,False,False
c3,57,31282701,0.4159,intergenic_class_I,True,False,False,False,False,False,False,False
c3,58,31282662,0.4159,intergenic_class_I,True,False,False,False,False,False,False,False
c3,59,31283250,0.4156,intergenic_class_I,True,False,False,False,True,False,False,False
c3,60,31281237,0.4156,intergenic_class_I,True,False,False,False,False,False,False,False
c3,61,31281362,0.4156,intergenic_class_I,True,False,False,False,True,False,False,False
c3,62,31270639,0.4151,intergenic_class_I,True,False,False,False,False,False,False,False
c3,63,31282507,0.4151,intergenic_class_I,True,False,False,False,False,False,False,False
c3,64,31285164,0.4143,intergenic_class_I,True,False,False,False,False,False,False,False
c3,65,31285201,0.4143,intergenic_class_I,True,False,False,False,False,False,False,False
c3,66,31288493,0.4143,intergenic_class_I,True,False,False,False,False,False,False,False
c3,67,31270524,0.4142,intergenic_class_I,True,False,False,False,False,False,False,False
c3,68,31270509,0.4142,intergenic_class_I,True,False,False,False,False,False,False,False
c3,69,31145073,0.414,5'_of_HCG27,True,False,False,True,False,True,True,False
c3,70,31147725,0.4139,5'_of_HCG27,True,False,False,True,False,True,True,False
c3,71,31147916,0.4139,5'_of_HCG27,True,False,False,True,False,True,True,False
c3,72,31147892,0.4139,5'_of_HCG27,True,False,False,True,False,True,True,False
c3,73,31146477,0.4139,5'_of_HCG27,True,False,False,True,False,True,True,False
c3,74,31145839,0.4138,5'_of_HCG27,True,False,False,True,False,True,True,False
c3,75,31145991,0.4138,5'_of_HCG27,True,False,False,True,False,True,True,False
c3,76,31145702,0.4138,5'_of_HCG27,True,False,False,True,False,True,True,False
c3,77,31286169,0.4134,intergenic_class_I,True,False,False,False,False,False,False,False
c3,78,31299494,0.4134,intergenic_class_I,True,False,False,False,False,False,False,False
c3,79,31144429,0.4133,5'_of_HCG27,True,False,False,True,False,True,True,False
c3,80,31144849,0.4133,5'_of_HCG27,True,False,False,False,False,False,False,False
c3,81,31145271,0.4133,5'_of_HCG27,True,False,False,True,False,True,True,False
c3,82,31145431,0.4133,5'_of_HCG27,True,False,False,True,False,True,True,False
c3,83,31144678,0.4133,5'_of_HCG27,True,False,False,True,False,True,True,False
c3,84,31145123,0.4132,5'_of_HCG27,True,False,False,True,False,True,True,False
c3,85,31145107,0.4132,5'_of_HCG27,True,False,False,True,False,True,True,False
c3,86,31281734,0.4132,intergenic_class_I,True,False,False,False,False,False,False,False
c3,87,31283301,0.4132,intergenic_class_I,True,False,False,False,True,False,False,False
c3,88,31282148,0.4129,intergenic_class_I,True,False,False,False,True,False,False,False
c3,89,31282218,0.4129,intergenic_class_I,True,False,False,False,True,False,False,False
c3,90,31270047,0.4127,intergenic_class_I,True,False,False,False,False,False,False,False
c3,91,31282339,0.4126,intergenic_class_I,True,False,False,False,False,False,False,False
c3,92,31313033,0.4122,intergenic_class_I,True,False,False,False,False,False,False,False
c3,93,31282446,0.4119,intergenic_class_I,True,False,False,False,False,False,False,False
c3,94,31282480,0.4118,intergenic_class_I,True,False,False,False,False,False,False,False
c3,95,31144912,0.4112,5'_of_HCG27,True,False,False,True,False,True,True,False
c3,96,31146513,0.4109,5'_of_HCG27,True,False,False,True,False,True,True,False
c3,97,31143694,0.4107,5'_of_HCG27,True,False,False,True,False,True,True,False
c3,98,31143511,0.4107,5'_of_HCG27,True,False,False,True,False,True,True,False
c3,99,31283342,0.4103,intergenic_class_I,True,False,False,False,False,False,False,False
c3,100,31283330,0.4103,intergenic_class_I,True,False,False,False,False,False,False,False
c3,101,31283329,0.4103,intergenic_class_I,True,False,False,False,False,False,False,False
c3,102,31273495,0.4102,intergenic_class_I,True,False,False,False,False,False,False,False
c3,103,31270375,0.4096,intergenic_class_I,True,False,False,False,False,False,False,False
c3,104,31293101,0.4085,intergenic_class_I,False,False,False,False,False,False,False,False
c3,105,31294585,0.408,intergenic_class_I,True,False,False,False,True,False,False,False
c3,106,31325851,0.4076,intergenic_class_I,True,False,False,False,False,False,True,False
c3,107,31325881,0.4073,intergenic_class_I,True,False,False,False,False,False,True,False
c3,108,31325880,0.4073,intergenic_class_I,True,False,False,False,False,False,True,False
c3,109,31296534,0.4071,intergenic_class_I,True,False,False,False,False,False,False,False
c3,110,31169688,0.4071,HCG27,False,False,False,False,False,False,False,False
c3,111,31298261,0.4066,intergenic_class_I,True,False,False,False,True,False,False,False
c3,112,31169438,0.4062,HCG27,False,False,False,False,False,True,True,False
c3,113,31170713,0.4061,HCG27,False,False,False,False,False,True,True,False
c3,114,31170608,0.4061,HCG27,False,False,False,False,False,True,True,False
c3,115,31169538,0.4059,HCG27,False,False,False,False,False,True,True,False
c3,116,31169494,0.4059,HCG27,False,False,False,False,False,True,True,False
c3,117,31444604,0.4056,HCP5,True,True,False,True,False,True,True,False
c3,118,31294528,0.4051,intergenic_class_I,True,False,False,False,True,False,False,False
c3,119,31392607,0.4051,HCP5,False,True,False,False,False,False,False,False
c3,120,31170228,0.405,HCG27,False,False,False,False,False,True,True,False
c3,121,31299007,0.4039,intergenic_class_I,True,False,False,False,True,False,False,False
c3,122,31292953,0.4036,intergenic_class_I,False,False,False,False,False,False,False,False
c3,123,31305761,0.4035,intergenic_class_I,True,False,False,False,True,False,False,False
c3,124,31384792,0.4029,HCP5,True,False,True,False,True,True,True,False
c3,125,31298775,0.4028,intergenic_class_I,True,False,False,False,True,False,False,False
c3,126,31267646,0.4028,intergenic_class_I,True,False,False,False,False,False,False,False
c3,127,31384889,0.4025,HCP5,True,False,True,False,True,True,True,False
c3,128,31275691,0.4025,intergenic_class_I,True,False,False,False,True,False,False,False
c3,129,31275560,0.4025,intergenic_class_I,True,False,False,False,True,False,False,False
c3,130,31275485,0.4024,intergenic_class_I,True,False,False,False,False,False,False,False
c3,131,31275846,0.4023,intergenic_class_I,True,False,False,False,False,False,False,False
c3,132,31164549,0.4021,5'_of_HCG27,False,False,False,False,False,True,True,False
c3,133,31461817,0.402,intergenic_class_I,True,False,False,False,False,False,True,False
c3,134,31155548,0.4018,5'_of_HCG27,False,False,False,False,False,True,True,False
c3,135,31155539,0.4018,5'_of_HCG27,False,False,False,False,False,True,True,False
c3,136,31158786,0.4015,5'_of_HCG27,False,False,False,False,False,True,True,False
c3,137,31161176,0.4015,5'_of_HCG27,False,False,False,False,False,True,True,False
c3,138,31294466,0.4015,intergenic_class_I,True,False,False,False,True,False,False,False
c3,139,31269486,0.4014,intergenic_class_I,True,False,False,False,False,False,False,False
c3,140,31165100,0.4014,5'_of_HCG27,False,False,False,False,False,True,True,False
c3,141,31164901,0.4014,5'_of_HCG27,False,False,False,False,False,True,True,False
c3,142,31164849,0.4014,5'_of_HCG27,False,False,False,False,False,True,True,False
c3,143,31167512,0.4014,HCG27,False,False,False,False,False,True,True,False
c3,144,31167815,0.4014,HCG27,False,False,False,False,False,True,True,False
c3,145,31167170,0.4014,HCG27,False,False,False,False,False,True,True,False
c3,146,31166378,0.4014,HCG27,False,False,False,False,False,True,True,False
c3,147,31158385,0.4014,5'_of_HCG27,False,False,False,False,False,True,True,False
c3,148,31166539,0.4014,HCG27,False,False,False,False,False,True,True,False
c3,149,31168676,0.4014,HCG27,False,False,False,False,False,True,True,False
c3,150,31165177,0.4014,5'_of_HCG27,False,False,False,False,False,False,False,False
c3,151,31159692,0.4014,5'_of_HCG27,False,False,False,False,False,True,True,False
c3,152,31162839,0.4014,5'_of_HCG27,False,False,False,False,False,True,True,False
c3,153,31163106,0.4014,5'_of_HCG27,False,False,False,False,False,True,True,False
c3,154,31461966,0.4014,intergenic_class_I,True,False,False,False,False,False,True,False
c3,155,31383979,0.4014,HCP5,True,False,True,False,True,False,True,False
c3,156,31301517,0.4013,intergenic_class_I,True,False,False,False,True,False,False,False
c3,157,31388595,0.4012,HCP5,True,False,True,False,True,False,True,False
c3,158,31381407,0.4011,MICA,False,False,True,False,True,False,True,False
c3,159,31162520,0.4009,5'_of_HCG27,False,False,False,False,False,True,True,False
c3,160,31314106,0.4008,intergenic_class_I,True,False,False,False,False,False,True,False
c3,161,31385935,0.4008,HCP5,True,False,True,False,True,False,True,False
c3,162,31390055,0.4008,HCP5,True,False,True,False,True,False,True,False
c3,163,31389809,0.4008,HCP5,True,False,True,False,True,False,True,False
c3,164,31388063,0.4008,HCP5,True,False,True,False,True,False,True,False
c3,165,31387919,0.4008,HCP5,True,False,True,False,True,False,True,False
c3,166,31390558,0.4008,HCP5,True,False,True,False,True,False,True,False
c3,167,31389617,0.4008,HCP5,True,False,True,False,True,False,True,False
c3,168,31387599,0.4008,HCP5,True,False,True,False,True,False,True,False
c3,169,31388306,0.4008,HCP5,True,False,True,False,True,False,True,False
c3,170,31388277,0.4008,HCP5,True,False,True,False,True,False,True,False
c3,171,31388230,0.4008,HCP5,True,False,True,False,True,False,True,False
c3,172,31383389,0.4007,MICA,True,False,True,False,True,False,True,False
c3,173,31383391,0.4007,MICA,True,False,True,False,True,False,True,False
c3,174,31381814,0.4007,MICA,True,False,True,False,True,False,True,False
c3,175,31385509,0.4006,HCP5,True,False,True,False,True,False,True,False
c3,176,31385713,0.4006,HCP5,True,False,False,False,False,False,False,False
c3,177,31168494,0.4006,HCG27,False,False,False,False,False,True,True,False
c3,178,31383071,0.4005,MICA,True,False,True,False,True,False,True,False
c3,179,31381808,0.4005,MICA,True,False,True,False,True,False,True,False
c3,180,31381740,0.4005,MICA,True,False,True,False,True,False,True,False
c3,181,31381733,0.4005,MICA,True,False,True,False,True,False,True,False
c3,182,31320562,0.4005,intergenic_class_I,True,False,False,False,False,False,True,False
c3,183,31381677,0.4004,MICA,True,False,True,False,True,False,True,False
c3,184,31381674,0.4004,MICA,True,False,True,False,True,False,True,False
c3,185,31383304,0.4003,MICA,True,False,True,False,True,False,True,False
c3,186,31384331,0.4001,HCP5,True,False,True,False,True,False,True,False
c3,187,31383542,0.4001,HCP5,True,False,True,False,True,False,True,False
c3,188,31382504,0.4001,MICA,True,False,True,False,True,False,True,False
c3,189,31383541,0.4001,HCP5,True,False,True,False,True,False,True,False
c3,190,31382342,0.4001,MICA,True,False,True,False,True,False,True,False
c3,191,31382459,0.4001,MICA,True,False,True,False,True,False,True,False
c3,192,31382942,0.4001,MICA,True,False,True,False,True,False,True,False
c3,193,31382147,0.4001,MICA,True,False,True,False,True,False,True,False
c3,194,31381513,0.4001,MICA,True,False,True,False,True,False,True,False
c3,195,31382938,0.4001,MICA,True,False,True,False,True,False,True,False
c3,196,31382882,0.4001,MICA,True,False,True,False,True,False,True,False
c3,197,31382932,0.4001,MICA,True,False,True,False,True,False,True,False
c3,198,31382136,0.4001,MICA,True,False,True,False,True,False,True,False
c3,199,31382133,0.4001,MICA,True,False,True,False,True,False,True,False
c3,200,31381458,0.4001,MICA,True,False,True,False,True,False,True,False
c3,201,31383187,0.4001,MICA,True,False,True,False,True,False,True,False
c3,202,31383108,0.4001,MICA,True,False,True,False,True,False,True,False
c3,203,31383083,0.4001,MICA,True,False,True,False,True,False,True,False
c3,204,31382621,0.4001,MICA,True,False,True,False,True,False,True,False
c3,205,31381552,0.4001,MICA,True,False,True,False,True,False,True,False
c3,206,31274666,0.4001,intergenic_class_I,True,False,False,False,True,False,False,False
c3,207,31268965,0.3999,intergenic_class_I,True,False,False,False,False,False,False,False
c3,208,31275007,0.3998,intergenic_class_I,True,False,False,False,True,False,False,False
c3,209,31162963,0.3997,5'_of_HCG27,False,False,False,False,False,True,True,False
c3,210,31383751,0.3997,HCP5,True,False,True,False,True,False,True,False
c3,211,31383749,0.3997,HCP5,True,False,True,False,True,False,True,False
c3,212,31144637,0.3994,5'_of_HCG27,True,False,False,True,False,True,False,False
c3,213,31168777,0.3994,HCG27,False,False,False,False,False,True,True,False
c3,214,31288193,0.3991,intergenic_class_I,True,False,False,False,False,False,False,False
c3,215,31290894,0.3981,intergenic_class_I,True,False,False,False,True,False,False,False
c3,216,31316324,0.3979,intergenic_class_I,True,False,False,False,False,False,False,False
c3,217,31316910,0.3979,intergenic_class_I,True,False,False,False,False,False,False,False
c3,218,31315512,0.3979,intergenic_class_I,True,False,False,False,False,False,False,False
c3,219,31382288,0.3976,MICA,True,False,True,False,True,False,True,False
c3,220,31326131,0.3975,intergenic_class_I,True,False,False,False,True,False,True,False
c3,221,31290235,0.3973,intergenic_class_I,True,False,False,False,True,False,False,False
c3,222,31290192,0.3973,intergenic_class_I,True,False,False,False,True,False,False,False
c3,223,31291381,0.3973,intergenic_class_I,True,False,False,False,True,False,False,False
c3,224,31164779,0.396,5'_of_HCG27,False,False,False,False,False,True,True,False
c3,225,31325092,0.3957,intergenic_class_I,True,False,False,False,False,False,False,False
c3,226,31274586,0.3954,intergenic_class_I,True,False,False,False,False,False,False,False
c3,227,31315096,0.3951,intergenic_class_I,True,False,False,False,False,False,False,False
c3,228,31325494,0.3951,intergenic_class_I,True,False,False,False,False,True,True,False
c3,229,31325620,0.395,intergenic_class_I,True,False,False,False,False,True,True,False
c3,230,31325623,0.395,intergenic_class_I,True,False,False,False,False,True,True,False
c3,231,31324830,0.3948,HLA-B,True,False,False,False,False,False,False,False
c3,232,31325424,0.3946,intergenic_class_I,True,False,False,False,False,True,True,False
c3,233,31325380,0.3946,intergenic_class_I,True,False,False,False,False,True,True,False
c3,234,31297447,0.3944,intergenic_class_I,True,False,False,False,False,False,False,False
c3,235,31324925,0.3941,HLA-B,True,False,False,False,False,False,False,False
c3,236,31270038,0.3939,intergenic_class_I,True,False,False,False,False,False,False,False
c3,237,31272209,0.3939,intergenic_class_I,True,False,False,False,True,False,False,False
c3,238,31325341,0.3938,intergenic_class_I,True,False,False,False,False,True,True,False
c3,239,31324931,0.3938,HLA-B,True,False,False,False,False,False,False,False
c3,240,31326629,0.3937,intergenic_class_I,False,False,False,False,False,True,True,False
c3,241,31410524,0.3934,HCP5,True,False,True,False,True,True,True,False
c3,242,31322513,0.3933,HLA-B,True,False,False,False,False,False,False,False
c3,243,31322888,0.3933,HLA-B,True,False,False,False,False,False,False,False
c3,244,31325115,0.3932,intergenic_class_I,True,False,False,False,False,False,False,False
c3,245,31325116,0.3932,intergenic_class_I,True,False,False,False,False,False,False,False
c3,246,31410948,0.3931,HCP5,True,False,True,False,True,True,True,False
c3,247,31325565,0.3928,intergenic_class_I,True,False,False,False,False,True,True,False
c3,248,31270084,0.3927,intergenic_class_I,True,False,False,False,False,False,False,False
c3,249,31325521,0.3925,intergenic_class_I,True,False,False,False,False,True,True,False
c3,250,31325513,0.3925,intergenic_class_I,True,False,False,False,False,True,True,False
c3,251,31325526,0.3925,intergenic_class_I,True,False,False,False,False,True,True,False
c3,252,31325532,0.3925,intergenic_class_I,True,False,False,False,False,True,True,False
c3,253,31325529,0.3925,intergenic_class_I,True,False,False,False,False,True,True,False
c3,254,31270987,0.3925,intergenic_class_I,True,False,False,False,False,False,False,False
c3,255,31325504,0.3924,intergenic_class_I,True,False,False,False,False,True,True,False
c3,256,31273030,0.3917,intergenic_class_I,True,False,False,False,True,False,False,False
c3,257,31316079,0.3915,intergenic_class_I,True,False,False,False,True,True,False,False
c3,258,31271758,0.3914,intergenic_class_I,True,False,False,False,True,False,False,False
c3,259,31273578,0.3914,intergenic_class_I,True,False,False,False,True,False,False,False
c3,260,31272729,0.3914,intergenic_class_I,True,False,False,False,True,False,False,False
c3,261,31272554,0.3914,intergenic_class_I,True,False,False,False,True,False,False,False
c3,262,31272844,0.3914,intergenic_class_I,True,False,False,False,True,False,False,False
c3,263,31273333,0.3914,intergenic_class_I,True,False,False,False,True,False,False,False
c3,264,31271157,0.3914,intergenic_class_I,True,False,False,False,True,False,False,False
c3,265,31271135,0.3914,intergenic_class_I,True,False,False,False,True,False,False,False
c3,266,31272463,0.3914,intergenic_class_I,True,False,False,False,True,False,False,False
c3,267,31271757,0.3914,intergenic_class_I,True,False,False,False,True,False,False,False
c3,268,31272157,0.3914,intergenic_class_I,True,False,False,False,True,False,False,False
c3,269,31273692,0.3914,intergenic_class_I,True,False,False,False,True,False,False,False
c3,270,31273366,0.3914,intergenic_class_I,True,False,False,False,True,False,False,False
c3,271,31271137,0.3914,intergenic_class_I,True,False,False,False,True,False,False,False
c3,272,31273691,0.3914,intergenic_class_I,True,False,False,False,True,False,False,False
c3,273,31327504,0.3914,intergenic_class_I,True,False,False,False,False,True,True,False
c3,274,31271141,0.3914,intergenic_class_I,True,False,False,False,True,False,False,False
c3,275,31282872,0.3913,intergenic_class_I,True,False,False,False,False,False,False,False
c3,276,31282138,0.3913,intergenic_class_I,True,False,False,False,False,False,False,False
c3,277,31274036,0.3913,intergenic_class_I,True,False,False,False,True,False,False,False
c3,278,31326613,0.3912,intergenic_class_I,False,False,False,False,False,True,True,False
c3,279,31397917,0.3911,HCP5,True,False,True,False,True,False,True,False
c3,280,31326612,0.391,intergenic_class_I,False,False,False,False,False,True,True,False
c3,281,31326618,0.391,intergenic_class_I,False,False,False,False,False,True,True,False
c3,282,31327382,0.3907,intergenic_class_I,True,False,False,False,False,True,True,False
c3,283,31327400,0.3907,intergenic_class_I,True,False,False,False,False,True,True,False
c3,284,31326920,0.3907,intergenic_class_I,False,False,False,False,False,True,True,False
c3,285,31393053,0.3901,HCP5,True,False,True,False,True,False,True,False
c3,286,31406083,0.3901,HCP5,True,False,False,False,False,False,False,False
c3,287,31274751,0.3889,intergenic_class_I,True,False,False,False,True,False,False,False
c3,288,31611158,0.3889,3'_of_MICB,True,False,False,False,False,False,False,False
c3,289,31273992,0.3888,intergenic_class_I,True,False,False,False,True,False,False,False
c3,290,31144582,0.3887,5'_of_HCG27,True,False,False,True,False,True,True,False
c3,291,31614102,0.3885,3'_of_MICB,True,False,False,False,False,False,False,False
c3,292,31427139,0.3878,HCP5,True,True,True,True,False,False,True,False
c3,293,31351664,0.3874,intergenic_class_I,True,False,True,False,False,False,False,False
c3,294,31313466,0.3873,intergenic_class_I,True,False,False,False,False,False,True,False
c3,295,31461089,0.3871,intergenic_class_I,True,False,False,False,False,False,True,False
c3,296,31395062,0.387,HCP5,True,False,False,False,False,False,False,False
c3,297,31606522,0.3862,3'_of_MICB,True,False,False,False,False,False,False,False
c3,298,31391591,0.3855,HCP5,True,False,True,False,False,False,True,False
c3,299,31440014,0.3855,HCP5,True,False,False,False,False,False,False,False
c3,300,31446546,0.3853,intergenic_class_I,True,False,False,False,True,False,True,False
c3,301,31445514,0.3853,intergenic_class_I,True,False,False,False,True,False,True,False
c3,302,31460943,0.3848,intergenic_class_I,True,False,False,False,False,False,True,False
c3,303,31311938,0.3848,intergenic_class_I,False,False,False,False,False,False,True,False
c3,304,31269993,0.3845,intergenic_class_I,True,False,False,False,False,False,False,False
c3,305,31301658,0.3843,intergenic_class_I,True,False,False,False,True,False,False,False
c3,306,31302190,0.384,intergenic_class_I,True,False,False,False,True,False,False,False
c3,307,31300856,0.384,intergenic_class_I,True,False,False,False,True,False,False,False
c3,308,31310035,0.3838,intergenic_class_I,False,False,False,False,False,False,False,False
c3,309,31311533,0.3837,intergenic_class_I,True,False,False,False,True,True,True,False
c3,310,31322980,0.3836,HLA-B,True,False,False,False,False,False,False,False
c3,311,31292372,0.3834,intergenic_class_I,False,False,False,False,False,False,False,False
c3,312,31448154,0.3833,intergenic_class_I,True,False,False,False,True,False,True,False
c3,313,31322911,0.3833,HLA-B,True,False,False,False,False,False,False,False
c3,314,31298515,0.3831,intergenic_class_I,True,False,False,False,False,False,False,False
c3,315,31410131,0.3831,HCP5,True,False,False,False,False,False,False,False
c3,316,31292582,0.3828,intergenic_class_I,False,False,False,False,False,False,False,False
c3,317,31455159,0.3828,intergenic_class_I,True,False,False,False,False,False,False,False
c3,318,31346898,0.3826,intergenic_class_I,True,False,True,False,False,False,True,False
c3,319,31449081,0.3825,intergenic_class_I,True,False,False,False,True,False,True,False
c3,320,31275910,0.3823,intergenic_class_I,True,False,False,False,False,False,False,False
c3,321,31275742,0.3823,intergenic_class_I,True,False,False,False,True,False,False,False
c3,322,31453799,0.3819,intergenic_class_I,True,False,False,False,False,False,True,False
c3,323,31457742,0.3816,intergenic_class_I,True,False,False,False,False,False,False,False
c3,324,31154820,0.3815,5'_of_HCG27,True,False,False,False,False,True,True,False
c3,325,31459373,0.3805,intergenic_class_I,True,False,False,False,True,False,True,False
c3,326,31459254,0.3805,intergenic_class_I,True,False,False,False,True,False,True,False
c3,327,31272321,0.3801,intergenic_class_I,True,False,False,False,True,False,False,False
c3,328,31275024,0.3801,intergenic_class_I,True,False,False,False,False,False,False,False
c3,329,31273554,0.3801,intergenic_class_I,True,False,False,False,True,False,False,False
c3,330,31459768,0.3799,intergenic_class_I,True,False,False,False,True,False,True,False
c3,331,31241639,0.3798,intergenic_class_I,True,False,False,False,True,False,False,False
c3,332,31455834,0.3798,intergenic_class_I,True,False,False,False,True,False,True,False
c3,333,31243170,0.3798,intergenic_class_I,True,False,False,False,True,True,False,False
c3,334,31460451,0.3797,intergenic_class_I,True,False,False,False,True,False,True,False
c3,335,31459972,0.3797,intergenic_class_I,True,False,False,False,True,False,True,False
c3,336,31297100,0.3795,intergenic_class_I,True,False,False,False,True,False,False,False
c3,337,31242674,0.3795,intergenic_class_I,True,False,False,False,True,True,False,False
c3,338,31312293,0.3795,intergenic_class_I,False,False,False,False,True,False,True,False
c3,339,31320578,0.3795,intergenic_class_I,True,False,False,False,False,False,False,False
c3,340,31456587,0.3793,intergenic_class_I,True,False,False,False,True,False,True,False
c3,341,31297619,0.3792,intergenic_class_I,False,False,False,False,False,False,False,False
c3,342,31456937,0.379,intergenic_class_I,True,False,False,False,False,False,False,False
c3,343,31312237,0.3788,intergenic_class_I,False,False,False,False,False,False,True,False
c3,344,31264392,0.3788,intergenic_class_I,True,False,False,True,True,False,False,False
c3,345,31170528,0.3785,HCG27,True,False,False,False,False,True,True,False
c3,346,31262869,0.3781,intergenic_class_I,True,False,False,False,False,False,False,False
c3,347,31451213,0.3779,intergenic_class_I,True,False,False,False,True,False,True,False
c3,348,31308524,0.3773,intergenic_class_I,False,False,False,False,False,False,True,False
c3,349,31452040,0.3769,intergenic_class_I,True,False,False,False,True,False,True,False
c3,350,31452715,0.3769,intergenic_class_I,True,False,False,False,True,False,True,False
c3,351,31313042,0.3764,intergenic_class_I,True,False,False,False,False,False,False,False
c3,352,31456398,0.3761,intergenic_class_I,True,False,False,False,True,False,True,False
c3,353,31357199,0.376,intergenic_class_I,True,False,False,False,False,False,False,False
c3,354,31357198,0.376,intergenic_class_I,True,False,False,False,False,False,False,False
c3,355,31298548,0.3757,intergenic_class_I,True,False,False,False,False,False,False,False
c4,1,31380194,0.494,MICA,False,True,True,True,True,True,False,False
c4,2,31380387,0.494,MICA,False,True,True,True,True,True,False,False
c4,3,31378358,0.4915,MICA,False,True,True,True,True,True,True,False
c4,4,31380198,0.4909,MICA,False,True,True,True,True,True,True,False
c4,5,31392058,0.4879,HCP5,False,True,True,True,True,True,False,False
c4,6,31384147,0.4861,HCP5,False,True,True,True,True,True,False,False
c4,7,31382675,0.4861,MICA,False,True,True,True,True,False,False,False
c4,8,31383239,0.486,MICA,False,True,True,True,True,True,False,False
c4,9,31380718,0.4859,MICA,False,True,True,True,True,True,False,False
c4,10,31384578,0.4855,HCP5,False,True,True,True,True,True,False,False
c4,11,31380745,0.4834,MICA,False,True,True,True,True,True,True,False
c4,12,31380732,0.4834,MICA,False,True,True,True,True,True,True,False
c4,13,31381722,0.4829,MICA,False,True,True,True,True,True,False,False
c4,14,31173433,0.482,intergenic_class_I,False,False,False,False,False,True,True,False
c4,15,31175206,0.482,intergenic_class_I,False,False,False,False,False,True,True,False
c4,16,31175178,0.482,intergenic_class_I,False,False,False,False,False,True,True,False
c4,17,31174527,0.482,intergenic_class_I,False,False,False,False,False,True,True,False
c4,18,31171257,0.482,HCG27,False,False,False,False,False,True,True,False
c4,19,31173933,0.482,intergenic_class_I,False,False,False,False,False,True,True,False
c4,20,31175044,0.482,intergenic_class_I,False,False,False,False,False,True,True,False
c4,21,31175608,0.482,intergenic_class_I,False,False,False,False,False,True,True,False
c4,22,31174035,0.4819,intergenic_class_I,False,False,False,False,False,True,True,False
c4,23,31326251,0.4817,intergenic_class_I,True,False,False,False,True,False,True,False
c4,24,31326289,0.4814,intergenic_class_I,True,False,False,False,True,False,True,False
c4,25,31173669,0.481,intergenic_class_I,True,False,False,False,False,True,True,False
c4,26,31174926,0.481,intergenic_class_I,True,False,False,False,False,False,False,False
c4,27,31378650,0.4809,MICA,False,True,True,False,True,False,True,False
c4,28,31378654,0.4809,MICA,False,True,True,False,True,False,True,False
c4,29,31399665,0.4807,HCP5,False,True,True,True,True,True,False,False
c4,30,31175912,0.4804,intergenic_class_I,True,False,False,False,False,True,True,False
c4,31,31399663,0.4801,HCP5,False,True,True,True,True,True,False,False
c4,32,31408516,0.4801,HCP5,False,True,True,True,True,True,False,False
c4,33,31402594,0.4801,HCP5,False,True,True,True,True,True,False,False
c4,34,31408716,0.48,HCP5,False,True,False,False,False,False,False,False
c4,35,31415852,0.48,HCP5,False,True,True,True,True,True,False,False
c4,36,31400194,0.48,HCP5,False,True,True,True,True,True,False,False
c4,37,31405392,0.48,HCP5,False,True,True,True,True,True,False,False
c4,38,31406335,0.48,HCP5,False,True,True,True,True,True,False,False
c4,39,31407772,0.48,HCP5,False,True,True,True,True,True,False,False
c4,40,31407399,0.48,HCP5,False,True,True,True,True,True,False,False
c4,41,31406811,0.48,HCP5,False,True,True,True,True,True,False,False
c4,42,31407083,0.48,HCP5,False,True,True,True,True,True,False,False
c4,43,31407121,0.48,HCP5,False,True,True,True,True,True,False,False
c4,44,31408585,0.48,HCP5,False,True,True,True,True,True,False,False
c4,45,31405031,0.48,HCP5,False,True,True,True,True,True,False,False
c4,46,31404706,0.48,HCP5,False,True,True,True,True,True,False,False
c4,47,31399145,0.48,HCP5,False,True,True,True,True,True,False,False
c4,48,31400737,0.48,HCP5,False,True,True,True,True,True,False,False
c4,49,31398374,0.48,HCP5,False,True,True,True,True,True,False,False
c4,50,31400044,0.48,HCP5,False,True,True,True,True,True,False,False
c4,51,31398641,0.48,HCP5,False,True,True,True,True,True,False,False
c4,52,31398907,0.48,HCP5,False,True,True,True,True,True,False,False
c4,53,31400729,0.48,HCP5,False,True,True,True,True,True,False,False
c4,54,31400667,0.48,HCP5,False,True,True,True,True,True,False,False
c4,55,31403623,0.48,HCP5,False,True,True,True,True,True,False,False
c4,56,31404105,0.48,HCP5,False,True,True,True,True,True,False,False
c4,57,31403024,0.48,HCP5,False,True,True,True,True,True,False,False
c4,58,31400264,0.48,HCP5,False,True,True,True,True,True,False,False
c4,59,31401884,0.48,HCP5,False,True,True,True,True,True,False,False
c4,60,31402108,0.48,HCP5,False,True,True,True,True,True,False,False
c4,61,31401667,0.48,HCP5,False,True,True,True,True,True,False,False
c4,62,31405107,0.48,HCP5,False,True,True,True,True,True,False,False
c4,63,31404975,0.48,HCP5,False,True,True,True,True,True,False,False
c4,64,31399129,0.48,HCP5,False,True,True,True,True,True,False,False
c4,65,31398525,0.48,HCP5,False,True,True,True,True,True,False,False
c4,66,31400904,0.48,HCP5,False,True,True,True,True,True,False,False
c4,67,31394279,0.48,HCP5,False,True,True,True,True,True,False,False
c4,68,31388109,0.48,HCP5,False,True,True,True,True,True,False,False
c4,69,31393860,0.48,HCP5,False,True,True,True,True,True,False,False
c4,70,31392739,0.48,HCP5,False,True,True,True,True,True,False,False
c4,71,31389903,0.48,HCP5,False,True,True,True,True,True,False,False
c4,72,31398490,0.48,HCP5,False,True,True,True,True,True,False,False
c4,73,31386865,0.48,HCP5,False,True,True,True,True,True,False,False
c4,74,31398828,0.48,HCP5,False,True,True,True,True,True,False,False
c4,75,31398376,0.48,HCP5,False,True,True,True,True,True,False,False
c4,76,31389013,0.48,HCP5,False,True,True,True,True,True,False,False
c4,77,31398621,0.4799,HCP5,False,True,True,True,True,True,False,False
c4,78,31398627,0.4799,HCP5,False,True,True,True,True,True,False,False
c4,79,31408337,0.4798,HCP5,False,True,True,True,True,True,False,False
c4,80,31401744,0.4798,HCP5,False,True,True,True,True,True,False,False
c4,81,31176246,0.4798,intergenic_class_I,False,False,False,False,False,True,True,False
c4,82,31407897,0.4797,HCP5,False,True,True,True,True,True,False,False
c4,83,31398226,0.4797,HCP5,False,True,True,True,True,True,False,False
c4,84,31398300,0.4797,HCP5,False,True,True,True,True,True,False,False
c4,85,31400935,0.4796,HCP5,False,True,True,True,True,True,False,False
c4,86,31410327,0.4795,HCP5,False,True,True,True,True,True,False,False
c4,87,31400156,0.4795,HCP5,False,True,True,True,True,True,False,False
c4,88,31394665,0.4794,HCP5,False,True,True,True,True,True,False,False
c4,89,31405604,0.4794,HCP5,False,True,True,True,True,True,False,False
c4,90,31390203,0.4794,HCP5,False,True,True,True,True,True,False,False
c4,91,31407828,0.4794,HCP5,False,True,True,True,True,True,False,False
c4,92,31409857,0.4794,HCP5,False,True,True,True,True,True,False,False
c4,93,31401374,0.4794,HCP5,False,True,True,True,True,True,False,False
c4,94,31458993,0.4793,intergenic_class_I,True,False,False,False,True,False,False,False
c4,95,31175667,0.4788,intergenic_class_I,True,False,False,False,False,False,False,False
c4,96,31403723,0.4784,HCP5,False,True,False,False,False,False,False,False
c4,97,31392118,0.4782,HCP5,False,True,True,True,True,True,False,False
c4,98,31410751,0.4778,HCP5,False,True,True,True,True,True,False,False
c4,99,31411519,0.4778,HCP5,False,True,True,True,True,True,False,False
c4,100,31411377,0.4778,HCP5,False,True,True,True,True,True,False,False
c4,101,31410885,0.4778,HCP5,False,True,True,True,True,True,False,False
c4,102,31410649,0.4771,HCP5,False,True,True,True,True,True,False,False
c4,103,31170528,0.4771,HCG27,True,False,False,False,False,True,True,False
c4,104,31383754,0.4767,HCP5,False,True,True,False,True,True,False,False
c4,105,31381868,0.4765,MICA,False,True,True,False,True,True,False,False
c4,106,31381486,0.4765,MICA,False,False,True,False,True,True,True,False
c4,107,31407896,0.4765,HCP5,False,True,True,True,True,True,True,False
c4,108,31398331,0.4765,HCP5,False,True,True,True,True,True,True,False
c4,109,31382994,0.4763,MICA,False,True,True,False,True,True,False,False
c4,110,31394767,0.4757,HCP5,False,True,True,True,True,True,False,False
c4,111,31457025,0.4754,intergenic_class_I,True,False,False,False,False,False,False,False
c4,112,31410597,0.4752,HCP5,False,True,True,True,True,True,False,False
c4,113,31380950,0.474,MICA,False,False,True,False,True,False,True,False
c4,114,31393374,0.4736,HCP5,False,True,True,False,True,True,True,False
c4,115,31249593,0.4736,intergenic_class_I,True,False,False,False,True,True,True,False
c4,116,31457604,0.4733,intergenic_class_I,True,False,False,False,False,False,False,False
c4,117,31397966,0.4732,HCP5,False,True,True,True,True,True,False,False
c4,118,31159630,0.4732,5'_of_HCG27,True,False,False,False,False,True,True,False
c4,119,31457649,0.4732,intergenic_class_I,True,False,False,False,False,False,False,False
c4,120,31397923,0.473,HCP5,False,True,True,True,True,True,False,False
c4,121,31397933,0.473,HCP5,False,True,True,True,True,True,False,False
c4,122,31156188,0.4728,5'_of_HCG27,True,False,False,False,False,True,True,False
c4,123,31394856,0.4727,HCP5,False,True,True,True,True,True,False,False
c4,124,31394825,0.4727,HCP5,False,True,True,True,True,True,False,False
c4,125,31394914,0.4719,HCP5,False,True,True,True,True,True,False,False
c4,126,31461914,0.4717,intergenic_class_I,True,False,False,False,False,False,False,False
c4,127,31462031,0.4716,intergenic_class_I,True,False,False,False,False,False,False,False
c4,128,31459697,0.4714,intergenic_class_I,True,False,False,False,False,False,False,False
c4,129,31460284,0.4713,intergenic_class_I,True,False,False,False,False,False,False,False
c4,130,31170713,0.4711,HCG27,False,False,False,False,False,True,True,False
c4,131,31170608,0.4711,HCG27,False,False,False,False,False,True,True,False
c4,132,31460300,0.4711,intergenic_class_I,True,False,False,False,False,False,False,False
c4,133,31165836,0.471,HCG27,True,False,False,False,False,True,True,False
c4,134,31165438,0.471,5'_of_HCG27,True,False,False,False,False,True,True,False
c4,135,31460056,0.4708,intergenic_class_I,True,False,False,False,False,False,False,False
c4,136,31156086,0.4706,5'_of_HCG27,True,False,False,False,False,True,True,False
c4,137,31117619,0.4706,5'_of_HCG27,True,False,False,False,False,False,True,False
c4,138,31121513,0.4706,5'_of_HCG27,True,False,False,False,False,False,True,False
c4,139,31119976,0.4706,5'_of_HCG27,True,False,False,False,False,False,True,False
c4,140,31119997,0.4706,5'_of_HCG27,True,False,False,False,False,False,True,False
c4,141,31120614,0.4706,5'_of_HCG27,True,False,False,False,False,False,True,False
c4,142,31123242,0.4706,5'_of_HCG27,True,False,False,False,False,False,True,False
c4,143,31123313,0.4706,5'_of_HCG27,True,False,False,False,False,False,True,False
c4,144,31119889,0.4706,5'_of_HCG27,True,False,False,False,False,False,True,False
c4,145,31118565,0.4706,5'_of_HCG27,True,False,False,False,False,False,True,False
c4,146,31460220,0.4706,intergenic_class_I,True,False,False,False,False,False,False,False
c4,147,31385843,0.4705,HCP5,False,True,True,False,True,True,False,False
c4,148,31459488,0.4704,intergenic_class_I,True,False,False,False,False,False,False,False
c4,149,31390377,0.4704,HCP5,False,True,False,False,False,False,False,False
c4,150,31392340,0.4704,HCP5,False,True,True,False,True,True,False,False
c4,151,31390506,0.4704,HCP5,False,True,True,False,True,True,False,False
c4,152,31390426,0.4704,HCP5,False,True,True,False,True,True,False,False
c4,153,31389520,0.4704,HCP5,False,True,True,False,True,True,False,False
c4,154,31170228,0.4701,HCG27,False,False,False,False,False,True,True,False
c4,155,31117053,0.4699,5'_of_HCG27,True,False,False,False,False,False,True,False
c4,156,31459359,0.4699,intergenic_class_I,True,False,False,False,False,False,False,False
c4,157,31169438,0.4699,HCG27,False,False,False,False,False,True,True,False
c4,158,31390098,0.4698,HCP5,False,True,True,False,True,True,False,False
c4,159,31459288,0.4697,intergenic_class_I,True,False,False,False,False,False,False,False
c4,160,31169688,0.4696,HCG27,False,False,False,False,False,False,False,False
c4,161,31460185,0.4694,intergenic_class_I,True,False,False,False,False,False,False,False
c4,162,31169494,0.4693,HCG27,False,False,False,False,False,True,True,False
c4,163,31169538,0.4693,HCG27,False,False,False,False,False,True,True,False
c4,164,31347608,0.4693,intergenic_class_I,False,True,True,True,True,True,True,False
c4,165,31378977,0.4691,MICA,True,False,True,False,True,False,True,False
c4,166,31379403,0.4691,MICA,True,False,True,False,True,False,True,False
c4,167,31379377,0.4691,MICA,True,False,True,False,True,False,True,False
c4,168,31378425,0.4691,MICA,True,False,True,False,True,False,True,False
c4,169,31379620,0.4691,MICA,True,False,True,False,True,False,True,False
c4,170,31378387,0.4691,MICA,True,False,True,False,True,False,True,False
c4,171,31379549,0.4691,MICA,True,False,True,False,True,False,True,False
c4,172,31460164,0.4691,intergenic_class_I,True,False,False,False,False,False,False,False
c4,173,31445345,0.469,intergenic_class_I,True,False,False,False,False,False,False,False
c4,174,31457886,0.4688,intergenic_class_I,True,False,False,False,False,False,False,False
c4,175,31461817,0.4686,intergenic_class_I,True,False,False,False,False,False,True,False
c4,176,31461966,0.4686,intergenic_class_I,True,False,False,False,False,False,True,False
c4,177,31379109,0.4684,MICA,True,False,True,False,True,False,True,False
c4,178,31395043,0.4682,HCP5,False,True,False,False,False,False,False,False
c4,179,31395040,0.4682,HCP5,False,True,False,False,False,False,False,False
c4,180,31352060,0.4681,intergenic_class_I,True,True,False,True,True,True,True,False
c4,181,31461979,0.4676,intergenic_class_I,True,False,False,False,False,False,False,False
c4,182,31461509,0.4676,intergenic_class_I,True,False,False,False,False,False,False,False
c4,183,31462035,0.4675,intergenic_class_I,True,False,False,False,False,False,False,False
c4,184,31472123,0.4672,MICB,True,False,False,False,False,False,False,False
c4,185,31411312,0.4672,HCP5,True,False,True,False,True,True,False,False
c4,186,31191070,0.4672,intergenic_class_I,True,False,False,True,False,True,True,False
c4,187,31411557,0.467,HCP5,False,False,True,False,True,True,False,False
c4,188,31411321,0.4669,HCP5,False,False,True,False,True,True,False,False
c4,189,31461608,0.4668,intergenic_class_I,True,False,False,False,False,False,False,False
c4,190,31392991,0.4663,HCP5,False,True,False,False,False,False,False,False
c4,191,31164549,0.4662,5'_of_HCG27,False,False,False,False,False,True,True,False
c4,192,31168494,0.4661,HCG27,False,False,False,False,False,True,True,False
c4,193,31163106,0.466,5'_of_HCG27,False,False,False,False,False,True,True,False
c4,194,31162839,0.466,5'_of_HCG27,False,False,False,False,False,True,True,False
c4,195,31159692,0.466,5'_of_HCG27,False,False,False,False,False,True,True,False
c4,196,31166378,0.466,HCG27,False,False,False,False,False,True,True,False
c4,197,31164901,0.466,5'_of_HCG27,False,False,False,False,False,True,True,False
c4,198,31168676,0.466,HCG27,False,False,False,False,False,True,True,False
c4,199,31167512,0.466,HCG27,False,False,False,False,False,True,True,False
c4,200,31165100,0.466,5'_of_HCG27,False,False,False,False,False,True,True,False
c4,201,31167815,0.466,HCG27,False,False,False,False,False,True,True,False
c4,202,31158385,0.466,5'_of_HCG27,False,False,False,False,False,True,True,False
c4,203,31165177,0.466,5'_of_HCG27,False,False,False,False,False,False,False,False
c4,204,31167170,0.466,HCG27,False,False,False,False,False,True,True,False
c4,205,31166539,0.466,HCG27,False,False,False,False,False,True,True,False
c4,206,31164849,0.466,5'_of_HCG27,False,False,False,False,False,True,True,False
c4,207,31158786,0.466,5'_of_HCG27,False,False,False,False,False,True,True,False
c4,208,31373718,0.4659,MICA,False,False,False,False,False,True,True,False
c4,209,31383749,0.4659,HCP5,True,False,True,False,True,False,True,False
c4,210,31383751,0.4659,HCP5,True,False,True,False,True,False,True,False
c4,211,31161176,0.4658,5'_of_HCG27,False,False,False,False,False,True,True,False
c4,212,31402383,0.4658,HCP5,False,False,True,False,False,False,True,False
c4,213,31162520,0.4656,5'_of_HCG27,False,False,False,False,False,True,True,False
c4,214,31379773,0.4655,MICA,True,False,True,False,True,False,True,False
c4,215,31381677,0.4654,MICA,True,False,True,False,True,False,True,False
c4,216,31381674,0.4654,MICA,True,False,True,False,True,False,True,False
c4,217,31164779,0.4652,5'_of_HCG27,False,False,False,False,False,True,True,False
c4,218,31325159,0.4651,intergenic_class_I,True,False,False,False,False,False,False,False
c4,219,31325160,0.4651,intergenic_class_I,True,False,False,False,False,False,False,False
c4,220,31383541,0.4651,HCP5,True,False,True,False,True,False,True,False
c4,221,31383542,0.4651,HCP5,True,False,True,False,True,False,True,False
c4,222,31381513,0.4651,MICA,True,False,True,False,True,False,True,False
c4,223,31384331,0.4651,HCP5,True,False,True,False,True,False,True,False
c4,224,31381458,0.4651,MICA,True,False,True,False,True,False,True,False
c4,225,31382882,0.4651,MICA,True,False,True,False,True,False,True,False
c4,226,31382147,0.4651,MICA,True,False,True,False,True,False,True,False
c4,227,31382342,0.4651,MICA,True,False,True,False,True,False,True,False
c4,228,31382459,0.4651,MICA,True,False,True,False,True,False,True,False
c4,229,31382504,0.4651,MICA,True,False,True,False,True,False,True,False
c4,230,31382621,0.4651,MICA,True,False,True,False,True,False,True,False
c4,231,31382133,0.4651,MICA,True,False,True,False,True,False,True,False
c4,232,31382136,0.4651,MICA,True,False,True,False,True,False,True,False
c4,233,31382938,0.4651,MICA,True,False,True,False,True,False,True,False
c4,234,31382932,0.4651,MICA,True,False,True,False,True,False,True,False
c4,235,31382942,0.4651,MICA,True,False,True,False,True,False,True,False
c4,236,31383083,0.4651,MICA,True,False,True,False,True,False,True,False
c4,237,31383108,0.4651,MICA,True,False,True,False,True,False,True,False
c4,238,31383187,0.4651,MICA,True,False,True,False,True,False,True,False
c4,239,31381552,0.4651,MICA,True,False,True,False,True,False,True,False
c4,240,31461778,0.4651,intergenic_class_I,True,False,False,False,False,False,False,False
c4,241,31379823,0.4651,MICA,True,False,False,False,False,False,False,False
c4,242,31379795,0.4651,MICA,True,False,True,False,True,False,True,False
c4,243,31379807,0.4651,MICA,True,False,True,False,True,False,True,False
c4,244,31379794,0.4651,MICA,True,False,True,False,True,False,True,False
c4,245,31383304,0.4651,MICA,True,False,True,False,True,False,True,False
c4,246,31162963,0.4649,5'_of_HCG27,False,False,False,False,False,True,True,False
c4,247,31383389,0.4648,MICA,True,False,True,False,True,False,True,False
c4,248,31383391,0.4648,MICA,True,False,True,False,True,False,True,False
c4,249,31383979,0.4647,HCP5,True,False,True,False,True,False,True,False
c4,250,31383071,0.4645,MICA,True,False,True,False,True,False,True,False
c4,251,31381808,0.4645,MICA,True,False,True,False,True,False,True,False
c4,252,31444604,0.4643,HCP5,True,True,False,True,False,True,True,False
c4,253,31381814,0.4641,MICA,True,False,True,False,True,False,True,False
c4,254,31473561,0.4641,MICB,True,False,False,False,False,False,False,False
c4,255,31462672,0.4639,MICB,True,False,False,False,False,False,False,False
c4,256,31469668,0.4639,MICB,True,False,False,False,False,False,False,False
c4,257,31463790,0.4639,MICB,True,False,False,False,False,False,False,False
c4,258,31463325,0.4639,MICB,True,False,False,False,False,False,False,False
c4,259,31463577,0.4639,MICB,True,False,False,False,False,False,False,False
c4,260,31463491,0.4639,MICB,True,False,False,False,False,False,False,False
c4,261,31464365,0.4639,MICB,True,False,False,False,False,False,False,False
c4,262,31464798,0.4639,MICB,True,False,False,False,False,False,False,False
c4,263,31474000,0.4639,MICB,True,False,False,False,False,False,False,False
c4,264,31472162,0.4639,MICB,True,False,False,False,False,False,False,False
c4,265,31466879,0.4639,MICB,True,False,False,False,False,False,False,False
c4,266,31467365,0.4639,MICB,True,False,False,False,False,False,False,False
c4,267,31467170,0.4639,MICB,True,False,False,False,False,False,False,False
c4,268,31467111,0.4639,MICB,True,False,False,False,False,False,False,False
c4,269,31465558,0.4639,MICB,True,False,False,False,False,False,False,False
c4,270,31466885,0.4639,MICB,True,False,False,False,False,False,False,False
c4,271,31465490,0.4639,MICB,True,False,False,False,False,False,False,False
c4,272,31466311,0.4639,MICB,True,False,False,False,False,False,False,False
c4,273,31478986,0.4638,3'_of_MICB,True,False,False,False,False,False,False,False
c4,274,31462321,0.4638,intergenic_class_I,True,False,False,False,False,False,False,False
c4,275,31397631,0.4637,HCP5,False,True,False,False,False,False,False,False
c4,276,31397609,0.4637,HCP5,False,True,False,False,False,False,False,False
c4,277,31325164,0.4637,intergenic_class_I,True,False,False,False,False,False,False,False
c4,278,31471454,0.4636,MICB,True,False,False,False,False,False,False,False
c4,279,31392047,0.4635,HCP5,False,False,True,False,False,True,True,False
c4,280,31405825,0.4635,HCP5,False,False,True,False,False,True,True,False
c4,281,31475913,0.4634,MICB,True,False,False,False,False,False,False,False
c4,282,31462245,0.4634,intergenic_class_I,True,False,False,False,False,False,False,False
c4,283,31455834,0.4633,intergenic_class_I,True,False,False,False,True,False,True,False
c4,284,31361974,0.4631,intergenic_class_I,False,False,True,True,True,True,True,False
c4,285,31168777,0.463,HCG27,False,False,False,False,False,True,True,False
c4,286,31456230,0.4629,intergenic_class_I,True,False,False,False,True,False,True,False
c4,287,31461711,0.4629,intergenic_class_I,True,False,False,False,False,False,False,False
c4,288,31382585,0.4629,MICA,True,False,True,False,True,False,True,False
c4,289,31369185,0.4628,MICA,False,False,True,True,True,True,True,False
c4,290,31367989,0.4628,MICA,False,False,True,True,True,True,True,False
c4,291,31178626,0.4626,intergenic_class_I,True,False,False,True,False,True,True,False
c4,292,31381130,0.4626,MICA,True,False,True,False,True,False,True,False
c4,293,31382770,0.4626,MICA,True,False,True,False,True,False,True,False
c4,294,31380587,0.4626,MICA,True,False,True,False,True,False,True,False
c4,295,31381321,0.4626,MICA,True,False,True,False,True,False,True,False
c4,296,31382690,0.4626,MICA,True,False,True,False,True,False,True,False
c4,297,31380854,0.4626,MICA,True,False,True,False,True,False,True,False
c4,298,31380943,0.4626,MICA,True,False,True,False,True,False,True,False
c4,299,31382964,0.4626,MICA,True,False,True,False,True,False,True,False
c4,300,31380974,0.4626,MICA,True,False,True,False,True,False,True,False
c4,301,31186039,0.4625,intergenic_class_I,True,False,False,True,False,True,True,False
c4,302,31179492,0.4624,intergenic_class_I,True,False,False,True,False,True,True,False
c4,303,31181708,0.4624,intergenic_class_I,True,False,False,True,False,True,True,False
c4,304,31181346,0.4624,intergenic_class_I,True,False,False,True,False,True,True,False
c4,305,31182971,0.4624,intergenic_class_I,True,False,False,True,False,True,True,False
c4,306,31180680,0.4624,intergenic_class_I,True,False,False,True,False,True,True,False
c4,307,31177372,0.4624,intergenic_class_I,True,False,False,True,False,True,True,False
c4,308,31180423,0.4624,intergenic_class_I,True,False,False,True,False,True,True,False
c4,309,31178547,0.4624,intergenic_class_I,True,False,False,True,False,True,True,False
c4,310,31179378,0.4624,intergenic_class_I,True,False,False,True,False,True,True,False
c4,311,31179159,0.4624,intergenic_class_I,True,False,False,True,False,True,True,False
c4,312,31458514,0.4622,intergenic_class_I,True,False,False,False,False,False,False,False
c4,313,31155548,0.4622,5'_of_HCG27,False,False,False,False,False,True,True,False
c4,314,31155539,0.4622,5'_of_HCG27,False,False,False,False,False,True,True,False
c4,315,31458634,0.4622,intergenic_class_I,True,False,False,False,False,False,False,False
c4,316,31327170,0.4622,intergenic_class_I,True,False,False,False,False,True,True,False
c4,317,31380710,0.4621,MICA,True,False,True,False,True,False,True,False
c4,318,31481105,0.4621,3'_of_MICB,True,False,False,False,False,False,False,False
c4,319,31461795,0.4621,intergenic_class_I,True,False,False,False,True,False,False,False
c4,320,31458464,0.462,intergenic_class_I,True,False,False,False,False,False,False,False
c4,321,31354182,0.462,intergenic_class_I,False,True,True,True,True,True,True,False
c4,322,31186245,0.462,intergenic_class_I,True,False,False,True,False,True,True,False
c4,323,31184196,0.462,intergenic_class_I,True,False,False,True,False,True,True,False
c4,324,31184877,0.462,intergenic_class_I,True,False,False,True,False,True,True,False
c4,325,31186368,0.462,intergenic_class_I,True,False,False,True,False,True,True,False
c4,326,31325990,0.462,intergenic_class_I,True,False,False,False,False,True,True,False
c4,327,31187568,0.462,intergenic_class_I,True,False,False,True,False,True,True,False
c4,328,31188397,0.462,intergenic_class_I,True,False,False,True,False,True,True,False
c4,329,31458293,0.462,intergenic_class_I,True,False,False,False,False,False,False,False
c4,330,31381740,0.4619,MICA,True,False,True,False,True,False,True,False
c4,331,31381733,0.4619,MICA,True,False,True,False,True,False,True,False
c4,332,31458632,0.4619,intergenic_class_I,True,False,False,False,False,False,False,False
c4,333,31346554,0.4619,intergenic_class_I,True,False,False,False,True,True,True,False
c4,334,31458460,0.4618,intergenic_class_I,True,False,False,False,False,False,False,False
c4,335,31178324,0.4618,intergenic_class_I,True,False,False,True,False,True,True,False
c4,336,31178328,0.4618,intergenic_class_I,True,False,False,True,False,True,True,False
c4,337,31178233,0.4617,intergenic_class_I,True,False,False,True,False,True,True,False
c4,338,31395146,0.4615,HCP5,False,True,False,False,False,False,False,False
c4,339,31326024,0.4615,intergenic_class_I,True,False,False,False,False,True,True,False
c4,340,31395104,0.4612,HCP5,False,True,False,False,False,False,False,False
c4,341,31458554,0.4612,intergenic_class_I,True,False,False,False,True,False,True,False
c4,342,31383370,0.461,MICA,False,True,True,False,False,True,False,False
c4,343,31457033,0.461,intergenic_class_I,True,False,False,False,False,False,False,False
c4,344,31462248,0.4608,intergenic_class_I,True,False,False,False,False,False,False,False
c4,345,31364790,0.4608,intergenic_class_I,False,False,True,True,True,True,True,False
c4,346,31456587,0.4608,intergenic_class_I,True,False,False,False,True,False,True,False
c4,347,31458157,0.4606,intergenic_class_I,True,False,False,False,False,False,False,False
c4,348,31327205,0.4604,intergenic_class_I,True,False,False,False,False,True,True,False
c4,349,31326131,0.4601,intergenic_class_I,True,False,False,False,True,False,True,False
c4,350,31459636,0.4601,intergenic_class_I,True,False,False,False,False,False,False,False
c4,351,31335703,0.46,intergenic_class_I,False,False,False,False,False,True,True,False
c4,352,31382288,0.4596,MICA,True,False,True,False,True,False,True,False
c4,353,31459768,0.4596,intergenic_class_I,True,False,False,False,True,False,True,False
c4,354,31337092,0.4595,intergenic_class_I,False,False,False,False,False,True,True,False
c4,355,31335311,0.4594,intergenic_class_I,False,False,False,False,False,True,True,False
c5,1,31177874,0.6613,intergenic_class_I,True,False,False,True,False,True,False,False
c5,2,31178515,0.6613,intergenic_class_I,True,False,False,True,False,True,False,False
c5,3,31185810,0.6612,intergenic_class_I,True,False,False,True,False,True,False,False
c5,4,31178459,0.6608,intergenic_class_I,True,False,False,True,False,True,False,False
c5,5,31178448,0.6608,intergenic_class_I,True,False,False,True,False,True,False,False
c5,6,31178465,0.6608,intergenic_class_I,True,False,False,True,False,True,False,False
c5,7,31178279,0.6607,intergenic_class_I,True,False,False,True,False,True,False,False
c5,8,31177776,0.6584,intergenic_class_I,True,False,False,True,False,True,False,False
c5,9,31177658,0.6584,intergenic_class_I,True,False,False,True,False,True,False,False
c5,10,31177740,0.6584,intergenic_class_I,True,False,False,True,False,True,False,False
c5,11,31177510,0.6566,intergenic_class_I,True,False,False,True,False,True,False,False
c5,12,31177522,0.6563,intergenic_class_I,True,False,False,True,False,True,False,False
c5,13,31177519,0.6563,intergenic_class_I,True,False,False,True,False,True,False,False
c5,14,31178198,0.6504,intergenic_class_I,True,False,False,True,False,True,False,False
c5,15,31178211,0.6504,intergenic_class_I,True,False,False,True,False,True,False,False
c5,16,31178213,0.6504,intergenic_class_I,True,False,False,True,False,True,False,False
c5,17,31178194,0.6481,intergenic_class_I,True,False,False,True,False,True,False,False
c5,18,31220318,0.6285,intergenic_class_I,True,False,False,False,True,True,False,False
c5,19,31202486,0.621,intergenic_class_I,True,False,False,True,False,True,False,False
c5,20,31202575,0.619,intergenic_class_I,True,False,False,True,False,True,False,False
c5,21,31242151,0.6186,intergenic_class_I,True,False,False,False,False,True,True,False
c5,22,31143511,0.6095,5'_of_HCG27,True,False,False,True,False,True,True,False
c5,23,31219902,0.603,intergenic_class_I,True,False,False,False,True,True,False,False
c5,24,31220017,0.602,intergenic_class_I,True,False,False,False,True,True,False,False
c5,25,31220027,0.6019,intergenic_class_I,True,False,False,False,True,True,False,False
c5,26,31210462,0.6019,intergenic_class_I,True,False,False,False,True,True,False,False
c5,27,31209045,0.6018,intergenic_class_I,True,False,False,False,True,True,False,False
c5,28,31217943,0.6013,intergenic_class_I,True,False,False,False,True,True,False,False
c5,29,31208340,0.6009,intergenic_class_I,True,False,False,False,True,True,False,False
c5,30,31219862,0.6004,intergenic_class_I,True,False,False,False,True,True,False,False
c5,31,31219869,0.6004,intergenic_class_I,True,False,False,False,True,True,False,False
c5,32,31208610,0.6,intergenic_class_I,True,False,False,False,True,True,False,False
c5,33,31220109,0.5999,intergenic_class_I,True,False,False,False,True,True,False,False
c5,34,31219803,0.5995,intergenic_class_I,True,False,False,False,True,True,False,False
c5,35,31216262,0.5994,intergenic_class_I,True,False,False,False,True,True,False,False
c5,36,31210532,0.5992,intergenic_class_I,True,False,False,False,True,True,False,False
c5,37,31210731,0.5992,intergenic_class_I,True,False,False,False,True,True,False,False
c5,38,31210216,0.5992,intergenic_class_I,True,False,False,False,True,True,False,False
c5,39,31219342,0.5992,intergenic_class_I,True,False,False,False,True,True,False,False
c5,40,31216052,0.5992,intergenic_class_I,True,False,False,False,True,True,False,False
c5,41,31215556,0.5992,intergenic_class_I,True,False,False,False,True,True,False,False
c5,42,31215635,0.5992,intergenic_class_I,True,False,False,False,True,True,False,False
c5,43,31215331,0.5992,intergenic_class_I,True,False,False,False,True,True,False,False
c5,44,31217403,0.5992,intergenic_class_I,True,False,False,False,True,True,False,False
c5,45,31216918,0.5992,intergenic_class_I,True,False,False,False,True,True,False,False
c5,46,31216558,0.5992,intergenic_class_I,True,False,False,False,True,True,False,False
c5,47,31216308,0.5992,intergenic_class_I,True,False,False,False,True,True,False,False
c5,48,31214576,0.5992,intergenic_class_I,True,False,False,False,True,True,False,False
c5,49,31214353,0.5992,intergenic_class_I,True,False,False,False,True,True,False,False
c5,50,31211436,0.5992,intergenic_class_I,True,False,False,False,True,True,False,False
c5,51,31215005,0.5991,intergenic_class_I,True,False,False,False,True,True,False,False
c5,52,31215006,0.5991,intergenic_class_I,True,False,False,False,True,True,False,False
c5,53,31217741,0.5991,intergenic_class_I,True,False,False,False,True,True,False,False
c5,54,31216507,0.5991,intergenic_class_I,True,False,False,False,True,True,False,False
c5,55,31214652,0.5991,intergenic_class_I,True,False,False,False,True,True,False,False
c5,56,31217973,0.5991,intergenic_class_I,True,False,False,False,True,True,False,False
c5,57,31218984,0.5991,intergenic_class_I,True,False,False,False,True,True,False,False
c5,58,31218327,0.5991,intergenic_class_I,True,False,False,False,True,True,False,False
c5,59,31218208,0.5991,intergenic_class_I,True,False,False,False,True,True,False,False
c5,60,31217815,0.5991,intergenic_class_I,True,False,False,False,True,True,False,False
c5,61,31209947,0.599,intergenic_class_I,True,False,False,False,True,True,False,False
c5,62,31210691,0.5989,intergenic_class_I,True,False,False,False,True,True,False,False
c5,63,31219805,0.5988,intergenic_class_I,True,False,False,False,True,True,False,False
c5,64,31214583,0.5987,intergenic_class_I,True,False,False,False,True,True,False,False
c5,65,31210577,0.5984,intergenic_class_I,True,False,False,False,True,True,False,False
c5,66,31209510,0.5984,intergenic_class_I,True,False,False,False,True,True,False,False
c5,67,31209288,0.5984,intergenic_class_I,True,False,False,False,True,True,False,False
c5,68,31210796,0.5982,intergenic_class_I,True,False,False,False,True,True,False,False
c5,69,31218087,0.5981,intergenic_class_I,True,False,False,False,True,True,False,False
c5,70,31210774,0.5979,intergenic_class_I,True,False,False,False,True,True,False,False
c5,71,31209839,0.5975,intergenic_class_I,True,False,False,False,True,True,False,False
c5,72,31178969,0.5968,intergenic_class_I,True,False,False,True,False,True,False,False
c5,73,31178949,0.5968,intergenic_class_I,True,False,False,True,False,True,False,False
c5,74,31179747,0.5968,intergenic_class_I,True,False,False,True,False,True,False,False
c5,75,31178901,0.5968,intergenic_class_I,True,False,False,True,False,True,False,False
c5,76,31178780,0.5968,intergenic_class_I,True,False,False,True,False,True,False,False
c5,77,31178605,0.5968,intergenic_class_I,True,False,False,True,False,True,False,False
c5,78,31178676,0.5968,intergenic_class_I,True,False,False,True,False,True,False,False
c5,79,31179286,0.5968,intergenic_class_I,True,False,False,True,False,True,False,False
c5,80,31178943,0.5968,intergenic_class_I,True,False,False,True,False,True,False,False
c5,81,31179672,0.5968,intergenic_class_I,True,False,False,True,False,True,False,False
c5,82,31179014,0.5968,intergenic_class_I,True,False,False,True,False,True,False,False
c5,83,31219180,0.5968,intergenic_class_I,True,False,False,False,True,True,False,False
c5,84,31217539,0.5968,intergenic_class_I,True,False,False,False,True,True,False,False
c5,85,31178192,0.5968,intergenic_class_I,True,False,False,False,False,False,False,False
c5,86,31178190,0.5968,intergenic_class_I,True,False,False,False,False,False,False,False
c5,87,31184522,0.5967,intergenic_class_I,True,False,False,True,False,True,False,False
c5,88,31184462,0.5967,intergenic_class_I,True,False,False,True,False,True,False,False
c5,89,31184506,0.5967,intergenic_class_I,True,False,False,True,False,True,False,False
c5,90,31184463,0.5967,intergenic_class_I,True,False,False,True,False,True,False,False
c5,91,31182536,0.5967,intergenic_class_I,True,False,False,True,False,True,False,False
c5,92,31180531,0.5967,intergenic_class_I,True,False,False,True,False,True,False,False
c5,93,31178334,0.5966,intergenic_class_I,True,False,False,True,False,True,False,False
c5,94,31179117,0.5963,intergenic_class_I,True,False,False,True,False,True,False,False
c5,95,31179140,0.5963,intergenic_class_I,True,False,False,True,False,True,False,False
c5,96,31176980,0.5941,intergenic_class_I,True,False,False,True,False,True,False,False
c5,97,31179226,0.5941,intergenic_class_I,True,False,False,True,False,True,False,False
c5,98,31177342,0.5941,intergenic_class_I,True,False,False,True,False,True,False,False
c5,99,31176860,0.5941,intergenic_class_I,True,False,False,True,False,True,False,False
c5,100,31177034,0.5941,intergenic_class_I,True,False,False,True,False,True,False,False
c5,101,31177298,0.5941,intergenic_class_I,True,False,False,True,False,True,False,False
c5,102,31185265,0.594,intergenic_class_I,True,False,False,True,False,True,False,False
c5,103,31180003,0.594,intergenic_class_I,True,False,False,True,False,True,False,False
c5,104,31180138,0.594,intergenic_class_I,True,False,False,True,False,True,False,False
c5,105,31178371,0.5939,intergenic_class_I,True,False,False,True,False,True,False,False
c5,106,31177729,0.5937,intergenic_class_I,True,False,False,True,False,True,False,False
c5,107,31177525,0.5928,intergenic_class_I,True,False,False,True,False,True,False,False
c5,108,31177764,0.591,intergenic_class_I,True,False,False,True,False,True,False,False
c5,109,31213611,0.5897,intergenic_class_I,True,False,False,False,True,True,False,False
c5,110,31184196,0.5894,intergenic_class_I,True,False,False,True,False,True,True,False
c5,111,31184877,0.5894,intergenic_class_I,True,False,False,True,False,True,True,False
c5,112,31186368,0.5894,intergenic_class_I,True,False,False,True,False,True,True,False
c5,113,31186245,0.5894,intergenic_class_I,True,False,False,True,False,True,True,False
c5,114,31188397,0.5894,intergenic_class_I,True,False,False,True,False,True,True,False
c5,115,31187568,0.5894,intergenic_class_I,True,False,False,True,False,True,True,False
c5,116,31179492,0.5892,intergenic_class_I,True,False,False,True,False,True,True,False
c5,117,31181346,0.5892,intergenic_class_I,True,False,False,True,False,True,True,False
c5,118,31182971,0.5892,intergenic_class_I,True,False,False,True,False,True,True,False
c5,119,31179378,0.5892,intergenic_class_I,True,False,False,True,False,True,True,False
c5,120,31181708,0.5892,intergenic_class_I,True,False,False,True,False,True,True,False
c5,121,31180680,0.5892,intergenic_class_I,True,False,False,True,False,True,True,False
c5,122,31180423,0.5892,intergenic_class_I,True,False,False,True,False,True,True,False
c5,123,31179159,0.5892,intergenic_class_I,True,False,False,True,False,True,True,False
c5,124,31177372,0.5892,intergenic_class_I,True,False,False,True,False,True,True,False
c5,125,31178547,0.5892,intergenic_class_I,True,False,False,True,False,True,True,False
c5,126,31178328,0.5889,intergenic_class_I,True,False,False,True,False,True,True,False
c5,127,31178324,0.5889,intergenic_class_I,True,False,False,True,False,True,True,False
c5,128,31178626,0.5886,intergenic_class_I,True,False,False,True,False,True,True,False
c5,129,31191070,0.5882,intergenic_class_I,True,False,False,True,False,True,True,False
c5,130,31234239,0.5874,intergenic_class_I,True,False,False,True,True,True,True,False
c5,131,31239681,0.5873,HLA-C,True,False,False,False,False,False,False,False
c5,132,31178233,0.5871,intergenic_class_I,True,False,False,True,False,True,True,False
c5,133,31186039,0.5865,intergenic_class_I,True,False,False,True,False,True,True,False
c5,134,31201665,0.5851,intergenic_class_I,True,False,False,True,False,True,False,False
c5,135,31201207,0.5851,intergenic_class_I,True,False,False,True,False,True,False,False
c5,136,31178193,0.584,intergenic_class_I,True,False,False,False,False,False,False,False
c5,137,31197407,0.5835,intergenic_class_I,True,False,False,False,False,True,False,False
c5,138,31221396,0.5829,intergenic_class_I,True,False,False,False,True,False,True,False
c5,139,31219638,0.5822,intergenic_class_I,True,False,False,False,True,True,True,False
c5,140,31221022,0.5822,intergenic_class_I,True,False,False,False,True,True,True,False
c5,141,31213791,0.5822,intergenic_class_I,True,False,False,False,True,True,True,False
c5,142,31214873,0.5822,intergenic_class_I,True,False,False,False,True,True,True,False
c5,143,31208591,0.5822,intergenic_class_I,True,False,False,False,True,True,True,False
c5,144,31211050,0.5822,intergenic_class_I,True,False,False,False,True,True,True,False
c5,145,31209245,0.5822,intergenic_class_I,True,False,False,False,True,True,True,False
c5,146,31220369,0.5821,intergenic_class_I,True,False,False,False,True,True,True,False
c5,147,31220253,0.581,intergenic_class_I,True,False,False,False,True,True,True,False
c5,148,31220244,0.581,intergenic_class_I,True,False,False,False,True,True,True,False
c5,149,31220567,0.5806,intergenic_class_I,True,False,False,False,True,False,True,False
c5,150,31220364,0.5801,intergenic_class_I,True,False,False,False,True,False,True,False
c5,151,31220163,0.5801,intergenic_class_I,True,False,False,False,True,False,True,False
c5,152,31220232,0.5794,intergenic_class_I,True,False,False,False,True,False,True,False
c5,153,31238759,0.5791,HLA-C,True,False,False,False,False,False,False,False
c5,154,31220783,0.5786,intergenic_class_I,True,False,False,False,True,False,True,False
c5,155,31220752,0.5786,intergenic_class_I,True,False,False,False,True,False,True,False
c5,156,31220388,0.5775,intergenic_class_I,True,False,False,False,True,False,True,False
c5,157,31225704,0.5764,intergenic_class_I,False,False,False,False,True,False,True,False
c5,158,31229050,0.5753,intergenic_class_I,False,False,False,False,True,False,True,False
c5,159,31224667,0.5751,intergenic_class_I,False,False,False,False,True,False,True,False
c5,160,31227901,0.5742,intergenic_class_I,False,False,False,False,True,False,True,False
c5,161,31200254,0.5741,intergenic_class_I,True,False,False,False,False,True,False,False
c5,162,31234556,0.5738,intergenic_class_I,True,False,False,False,True,True,True,False
c5,163,31234507,0.5735,intergenic_class_I,True,False,False,False,True,True,True,False
c5,164,31240180,0.5734,intergenic_class_I,True,False,False,False,True,True,True,False
c5,165,31223685,0.5734,intergenic_class_I,True,False,False,False,True,True,True,False
c5,166,31234566,0.5734,intergenic_class_I,True,False,False,False,True,True,True,False
c5,167,31228593,0.573,intergenic_class_I,False,False,False,False,True,False,True,False
c5,168,31231068,0.5726,intergenic_class_I,True,False,False,True,True,True,True,False
c5,169,31238230,0.5725,HLA-C,True,False,False,False,False,False,False,False
c5,170,31224797,0.5723,intergenic_class_I,True,False,False,True,True,True,True,False
c5,171,31225708,0.5723,intergenic_class_I,False,False,False,False,True,True,True,False
c5,172,31231575,0.5722,intergenic_class_I,True,False,False,False,True,True,True,False
c5,173,31231142,0.5722,intergenic_class_I,True,False,False,False,True,True,True,False
c5,174,31229055,0.5721,intergenic_class_I,True,False,False,True,True,True,True,False
c5,175,31229130,0.5721,intergenic_class_I,True,False,False,True,True,True,True,False
c5,176,31236524,0.5721,intergenic_class_I,True,False,False,False,True,True,True,False
c5,177,31236523,0.5721,intergenic_class_I,True,False,False,False,True,True,True,False
c5,178,31238234,0.5721,HLA-C,True,False,False,False,False,False,False,False
c5,179,31229775,0.572,intergenic_class_I,True,False,False,True,True,True,True,False
c5,180,31237048,0.572,HLA-C,True,False,False,False,False,False,False,False
c5,181,31237405,0.572,HLA-C,True,False,False,False,False,False,False,False
c5,182,31237353,0.572,HLA-C,True,False,False,False,False,False,False,False
c5,183,31237333,0.572,HLA-C,True,False,False,False,False,False,False,False
c5,184,31237323,0.572,HLA-C,True,False,False,False,False,False,False,False
c5,185,31237563,0.572,HLA-C,True,False,False,False,False,False,False,False
c5,186,31237592,0.572,HLA-C,True,False,False,False,False,False,False,False
c5,187,31237463,0.572,HLA-C,True,False,False,False,False,False,False,False
c5,188,31237437,0.572,HLA-C,True,False,False,False,False,False,False,False
c5,189,31237664,0.572,HLA-C,True,False,False,False,False,False,False,False
c5,190,31237876,0.572,HLA-C,True,False,False,False,False,False,False,False
c5,191,31237727,0.572,HLA-C,True,False,False,False,False,False,False,False
c5,192,31238492,0.572,HLA-C,True,False,False,False,False,False,False,False
c5,193,31238372,0.572,HLA-C,True,False,False,False,False,False,False,False
c5,194,31238308,0.572,HLA-C,True,False,False,False,False,False,False,False
c5,195,31239279,0.572,HLA-C,True,False,False,False,False,False,False,False
c5,196,31239205,0.572,HLA-C,True,False,False,False,False,False,False,False
c5,197,31238297,0.572,HLA-C,True,False,False,False,False,False,False,False
c5,198,31237723,0.572,HLA-C,True,False,False,False,False,False,False,False
c5,199,31237660,0.572,HLA-C,True,False,False,False,False,False,False,False
c5,200,31237230,0.572,HLA-C,True,False,False,False,False,False,False,False
c5,201,31237162,0.572,HLA-C,True,False,False,False,False,False,False,False
c5,202,31237014,0.572,HLA-C,True,False,False,False,False,False,False,False
c5,203,31223839,0.572,intergenic_class_I,True,False,False,False,True,True,True,False
c5,204,31229188,0.5719,intergenic_class_I,True,False,False,True,True,True,True,False
c5,205,31231332,0.5719,intergenic_class_I,True,False,False,False,True,True,True,False
c5,206,31222842,0.5719,intergenic_class_I,True,False,False,True,True,True,True,False
c5,207,31236316,0.5719,intergenic_class_I,True,False,False,False,True,True,True,False
c5,208,31228327,0.5719,intergenic_class_I,True,False,False,False,True,True,True,False
c5,209,31221931,0.5719,intergenic_class_I,True,False,False,True,True,True,True,False
c5,210,31222551,0.5719,intergenic_class_I,True,False,False,True,True,True,True,False
c5,211,31229282,0.5718,intergenic_class_I,True,False,False,False,False,False,False,False
c5,212,31228601,0.5718,intergenic_class_I,True,False,False,True,True,True,True,False
c5,213,31228707,0.5718,intergenic_class_I,True,False,False,True,True,True,True,False
c5,214,31226507,0.5718,intergenic_class_I,True,False,False,False,False,False,False,False
c5,215,31227475,0.5718,intergenic_class_I,True,False,False,True,True,True,True,False
c5,216,31222394,0.5718,intergenic_class_I,True,False,False,True,True,True,True,False
c5,217,31231501,0.5718,intergenic_class_I,True,False,False,False,True,True,True,False
c5,218,31221992,0.5717,intergenic_class_I,True,False,False,True,True,True,True,False
c5,219,31226324,0.5717,intergenic_class_I,True,False,False,True,True,True,True,False
c5,220,31227713,0.5717,intergenic_class_I,True,False,False,True,True,True,True,False
c5,221,31222019,0.5717,intergenic_class_I,True,False,False,True,True,True,True,False
c5,222,31226876,0.5717,intergenic_class_I,True,False,False,True,True,True,True,False
c5,223,31229610,0.5717,intergenic_class_I,True,False,False,True,True,True,True,False
c5,224,31229593,0.5717,intergenic_class_I,True,False,False,True,True,True,True,False
c5,225,31227752,0.5717,intergenic_class_I,True,False,False,False,True,True,True,False
c5,226,31227737,0.5717,intergenic_class_I,True,False,False,True,True,True,True,False
c5,227,31228174,0.5717,intergenic_class_I,True,False,False,True,True,True,True,False
c5,228,31222607,0.5717,intergenic_class_I,True,False,False,True,True,True,True,False
c5,229,31228104,0.5717,intergenic_class_I,True,False,False,True,True,True,True,False
c5,230,31226240,0.5717,intergenic_class_I,True,False,False,True,True,True,True,False
c5,231,31228087,0.5717,intergenic_class_I,True,False,False,True,True,True,True,False
c5,232,31228040,0.5717,intergenic_class_I,True,False,False,True,True,True,True,False
c5,233,31224489,0.5717,intergenic_class_I,True,False,False,True,True,True,True,False
c5,234,31240293,0.5717,intergenic_class_I,False,False,False,False,True,True,True,False
c5,235,31239868,0.5717,HLA-C,False,False,False,False,False,False,False,False
c5,236,31233152,0.5717,intergenic_class_I,True,False,False,False,True,True,True,False
c5,237,31233121,0.5717,intergenic_class_I,True,False,False,False,True,True,True,False
c5,238,31232913,0.5717,intergenic_class_I,True,False,False,False,True,True,True,False
c5,239,31234742,0.5716,intergenic_class_I,True,False,False,False,True,True,True,False
c5,240,31234771,0.5716,intergenic_class_I,True,False,False,False,True,True,True,False
c5,241,31226730,0.5716,intergenic_class_I,True,False,False,True,True,True,True,False
c5,242,31232769,0.5715,intergenic_class_I,True,False,False,False,True,True,True,False
c5,243,31231968,0.5715,intergenic_class_I,True,False,False,False,True,True,True,False
c5,244,31229921,0.5715,intergenic_class_I,True,False,False,True,True,True,True,False
c5,245,31230882,0.5715,intergenic_class_I,True,False,False,False,True,True,True,False
c5,246,31229942,0.5715,intergenic_class_I,True,False,False,False,True,True,True,False
c5,247,31230452,0.5715,intergenic_class_I,True,False,False,False,True,True,True,False
c5,248,31230651,0.5715,intergenic_class_I,True,False,False,False,True,True,True,False
c5,249,31231019,0.5715,intergenic_class_I,True,False,False,False,True,True,True,False
c5,250,31230759,0.5715,intergenic_class_I,True,False,False,False,True,True,True,False
c5,251,31235139,0.5715,intergenic_class_I,True,False,False,False,True,True,True,False
c5,252,31235276,0.5715,intergenic_class_I,True,False,False,False,True,True,True,False
c5,253,31231809,0.5715,intergenic_class_I,True,False,False,False,True,True,True,False
c5,254,31231972,0.5715,intergenic_class_I,True,False,False,False,True,True,True,False
c5,255,31229845,0.5715,intergenic_class_I,True,False,False,True,True,True,True,False
c5,256,31231718,0.5715,intergenic_class_I,True,False,False,False,True,True,True,False
c5,257,31235127,0.5715,intergenic_class_I,True,False,False,False,True,True,True,False
c5,258,31233758,0.5715,intergenic_class_I,True,False,False,False,True,True,True,False
c5,259,31235816,0.5715,intergenic_class_I,True,False,False,False,True,True,True,False
c5,260,31232111,0.5715,intergenic_class_I,True,False,False,False,True,True,True,False
c5,261,31234836,0.5715,intergenic_class_I,True,False,False,False,True,True,True,False
c5,262,31234851,0.5715,intergenic_class_I,True,False,False,False,True,True,True,False
c5,263,31234855,0.5715,intergenic_class_I,True,False,False,False,True,True,True,False
c5,264,31234948,0.5715,intergenic_class_I,True,False,False,False,True,True,True,False
c5,265,31233214,0.5715,intergenic_class_I,True,False,False,False,True,True,True,False
c5,266,31234952,0.5715,intergenic_class_I,True,False,False,False,True,True,True,False
c5,267,31233232,0.5715,intergenic_class_I,True,False,False,False,True,True,True,False
c5,268,31225056,0.5715,intergenic_class_I,True,False,False,True,True,True,True,False
c5,269,31227263,0.5715,intergenic_class_I,True,False,False,True,True,True,True,False
c5,270,31225292,0.5715,intergenic_class_I,False,False,False,False,True,True,True,False
c5,271,31222712,0.5715,intergenic_class_I,True,False,False,True,True,True,True,False
c5,272,31232789,0.5714,intergenic_class_I,True,False,False,False,True,True,True,False
c5,273,31240216,0.5714,intergenic_class_I,False,False,False,False,True,True,True,False
c5,274,31233529,0.5714,intergenic_class_I,True,False,False,False,True,True,True,False
c5,275,31233521,0.5714,intergenic_class_I,True,False,False,False,True,True,True,False
c5,276,31235558,0.5714,intergenic_class_I,True,False,False,False,True,True,True,False
c5,277,31235576,0.5714,intergenic_class_I,True,False,False,False,True,True,True,False
c5,278,31227191,0.5714,intergenic_class_I,True,False,False,True,True,True,True,False
c5,279,31229173,0.5714,intergenic_class_I,True,False,False,True,True,True,True,False
c5,280,31231232,0.5714,intergenic_class_I,True,False,False,False,True,True,True,False
c5,281,31231199,0.5714,intergenic_class_I,True,False,False,True,True,True,True,False
c5,282,31222119,0.5714,intergenic_class_I,False,False,False,False,True,True,True,False
c5,283,31222168,0.5714,intergenic_class_I,False,False,False,False,True,True,True,False
c5,284,31225907,0.5713,intergenic_class_I,True,False,False,False,True,True,True,False
c5,285,31226036,0.5713,intergenic_class_I,True,False,False,False,True,True,True,False
c5,286,31226008,0.5713,intergenic_class_I,True,False,False,False,True,True,True,False
c5,287,31231117,0.5713,intergenic_class_I,True,False,False,False,True,True,True,False
c5,288,31230078,0.5713,intergenic_class_I,True,False,False,False,True,True,True,False
c5,289,31233456,0.5713,intergenic_class_I,True,False,False,False,True,True,True,False
c5,290,31228399,0.5713,intergenic_class_I,True,False,False,True,True,True,True,False
c5,291,31228386,0.5713,intergenic_class_I,True,False,False,True,True,True,True,False
c5,292,31231688,0.5712,intergenic_class_I,True,False,False,False,True,True,True,False
c5,293,31222196,0.5712,intergenic_class_I,True,False,False,True,True,True,True,False
c5,294,31222204,0.5712,intergenic_class_I,True,False,False,True,True,True,True,False
c5,295,31227254,0.5712,intergenic_class_I,True,False,False,True,True,True,True,False
c5,296,31231591,0.5712,intergenic_class_I,False,False,False,False,True,True,True,False
c5,297,31229738,0.5711,intergenic_class_I,True,False,False,True,True,True,True,False
c5,298,31234642,0.5711,intergenic_class_I,True,False,False,False,True,True,True,False
c5,299,31228460,0.5711,intergenic_class_I,True,False,False,True,True,True,True,False
c5,300,31239855,0.5711,HLA-C,False,False,False,False,False,False,False,False
c5,301,31239802,0.5711,HLA-C,False,False,False,False,False,False,False,False
c5,302,31238762,0.571,HLA-C,True,False,False,False,False,False,False,False
c5,303,31233258,0.5709,intergenic_class_I,True,False,False,False,True,True,True,False
c5,304,31233270,0.5709,intergenic_class_I,True,False,False,False,True,True,True,False
c5,305,31225312,0.5709,intergenic_class_I,True,False,False,True,True,True,True,False
c5,306,31223559,0.5709,intergenic_class_I,True,False,False,True,True,True,True,False
c5,307,31238613,0.5709,HLA-C,True,False,False,False,False,False,False,False
c5,308,31233532,0.5709,intergenic_class_I,False,False,False,False,True,True,True,False
c5,309,31231534,0.5708,intergenic_class_I,True,False,False,True,True,True,True,False
c5,310,31223084,0.5708,intergenic_class_I,True,False,False,True,True,True,True,False
c5,311,31231130,0.5708,intergenic_class_I,True,False,False,False,False,False,False,False
c5,312,31232703,0.5708,intergenic_class_I,True,False,False,False,True,True,True,False
c5,313,31229669,0.5708,intergenic_class_I,True,False,False,True,True,True,True,False
c5,314,31232412,0.5708,intergenic_class_I,True,False,False,False,True,True,True,False
c5,315,31232563,0.5708,intergenic_class_I,True,False,False,False,True,True,True,False
c5,316,31234541,0.5708,intergenic_class_I,False,False,False,False,True,True,True,False
c5,317,31237124,0.5707,HLA-C,True,False,False,False,False,False,False,False
c5,318,31236722,0.5706,HLA-C,False,False,False,False,True,True,True,False
c5,319,31225484,0.5706,intergenic_class_I,True,False,False,True,True,True,True,False
c5,320,31234494,0.5706,intergenic_class_I,True,False,False,True,True,True,True,False
c5,321,31236339,0.5706,intergenic_class_I,True,False,False,False,True,True,True,False
c5,322,31226107,0.5706,intergenic_class_I,True,False,False,False,True,True,True,False
c5,323,31225982,0.5705,intergenic_class_I,True,False,False,True,True,True,True,False
c5,324,31238318,0.5704,HLA-C,False,False,False,False,False,False,False,False
c5,325,31237233,0.5704,HLA-C,False,False,False,False,False,False,False,False
c5,326,31237017,0.5704,HLA-C,False,False,False,False,False,False,False,False
c5,327,31239227,0.5704,HLA-C,False,False,False,False,False,False,False,False
c5,328,31237027,0.5704,HLA-C,False,False,False,False,False,False,False,False
c5,329,31238524,0.5704,HLA-C,False,False,False,False,False,False,False,False
c5,330,31238535,0.5704,HLA-C,False,False,False,False,False,False,False,False
c5,331,31222524,0.5702,intergenic_class_I,False,False,False,False,True,True,True,False
c5,332,31222516,0.5702,intergenic_class_I,False,False,False,False,True,True,True,False
c5,333,31227588,0.5702,intergenic_class_I,False,False,False,False,True,True,True,False
c5,334,31227506,0.5702,intergenic_class_I,False,False,False,False,True,True,True,False
c5,335,31226532,0.5702,intergenic_class_I,False,False,False,False,True,True,True,False
c5,336,31227494,0.5702,intergenic_class_I,False,False,False,False,True,True,True,False
c5,337,31226698,0.5702,intergenic_class_I,False,False,False,False,True,True,True,False
c5,338,31227457,0.5702,intergenic_class_I,False,False,False,False,True,True,True,False
c5,339,31227577,0.5702,intergenic_class_I,False,False,False,False,True,True,True,False
c5,340,31230356,0.5702,intergenic_class_I,True,False,False,True,True,True,True,False
c5,341,31226786,0.5702,intergenic_class_I,True,False,False,False,True,True,True,False
c5,342,31234786,0.5702,intergenic_class_I,False,False,False,False,True,True,True,False
c5,343,31234774,0.5702,intergenic_class_I,False,False,False,False,True,True,True,False
c5,344,31226846,0.5702,intergenic_class_I,False,False,False,False,True,True,True,False
c5,345,31229366,0.5701,intergenic_class_I,False,False,False,False,True,True,True,False
c5,346,31226989,0.5701,intergenic_class_I,False,False,False,False,True,True,True,False
c5,347,31222610,0.5701,intergenic_class_I,False,False,False,False,True,True,True,False
c5,348,31222391,0.5701,intergenic_class_I,False,False,False,False,True,True,True,False
c5,349,31224494,0.5701,intergenic_class_I,True,False,False,False,True,True,True,False
c5,350,31224495,0.5701,intergenic_class_I,True,False,False,False,True,True,True,False
c5,351,31224488,0.5701,intergenic_class_I,True,False,False,False,True,True,True,False
c5,352,31235786,0.57,intergenic_class_I,False,False,False,False,True,True,True,False
c5,353,31227146,0.57,intergenic_class_I,False,False,False,False,True,True,True,False
c5,354,31227142,0.57,intergenic_class_I,False,False,False,False,True,True,True,False
c5,355,31227151,0.57,intergenic_class_I,False,False,False,False,True,True,True,False
c6,1,31381486,0.6562,MICA,False,False,True,False,True,True,True,False
c6,2,31381868,0.6562,MICA,False,True,True,False,True,True,False,False
c6,3,31382994,0.6562,MICA,False,True,True,False,True,True,False,False
c6,4,31390098,0.6554,HCP5,False,True,True,False,True,True,False,False
c6,5,31383754,0.6551,HCP5,False,True,True,False,True,True,False,False
c6,6,31389520,0.6551,HCP5,False,True,True,False,True,True,False,False
c6,7,31390426,0.6551,HCP5,False,True,True,False,True,True,False,False
c6,8,31392340,0.6551,HCP5,False,True,True,False,True,True,False,False
c6,9,31390377,0.6551,HCP5,False,True,False,False,False,False,False,False
c6,10,31390506,0.6551,HCP5,False,True,True,False,True,True,False,False
c6,11,31385843,0.6551,HCP5,False,True,True,False,True,True,False,False
c6,12,31391591,0.6328,HCP5,True,False,True,False,False,False,True,False
c6,13,31382288,0.6298,MICA,True,False,True,False,True,False,True,False
c6,14,31406083,0.6293,HCP5,True,False,False,False,False,False,False,False
c6,15,31393053,0.6293,HCP5,True,False,True,False,True,False,True,False
c6,16,31377851,0.6269,MICA,True,False,True,False,False,False,True,False
c6,17,31402383,0.6264,HCP5,False,False,True,False,False,False,True,False
c6,18,31381808,0.6258,MICA,True,False,True,False,True,False,True,False
c6,19,31383071,0.6258,MICA,True,False,True,False,True,False,True,False
c6,20,31381733,0.6257,MICA,True,False,True,False,True,False,True,False
c6,21,31381740,0.6257,MICA,True,False,True,False,True,False,True,False
c6,22,31383304,0.6257,MICA,True,False,True,False,True,False,True,False
c6,23,31383389,0.6256,MICA,True,False,True,False,True,False,True,False
c6,24,31383391,0.6256,MICA,True,False,True,False,True,False,True,False
c6,25,31381552,0.6255,MICA,True,False,True,False,True,False,True,False
c6,26,31381674,0.6255,MICA,True,False,True,False,True,False,True,False
c6,27,31381677,0.6255,MICA,True,False,True,False,True,False,True,False
c6,28,31382459,0.6255,MICA,True,False,True,False,True,False,True,False
c6,29,31382504,0.6255,MICA,True,False,True,False,True,False,True,False
c6,30,31382136,0.6255,MICA,True,False,True,False,True,False,True,False
c6,31,31383541,0.6255,HCP5,True,False,True,False,True,False,True,False
c6,32,31382342,0.6255,MICA,True,False,True,False,True,False,True,False
c6,33,31382133,0.6255,MICA,True,False,True,False,True,False,True,False
c6,34,31383542,0.6255,HCP5,True,False,True,False,True,False,True,False
c6,35,31382942,0.6255,MICA,True,False,True,False,True,False,True,False
c6,36,31381458,0.6255,MICA,True,False,True,False,True,False,True,False
c6,37,31382147,0.6255,MICA,True,False,True,False,True,False,True,False
c6,38,31382932,0.6255,MICA,True,False,True,False,True,False,True,False
c6,39,31382938,0.6255,MICA,True,False,True,False,True,False,True,False
c6,40,31383187,0.6255,MICA,True,False,True,False,True,False,True,False
c6,41,31383108,0.6255,MICA,True,False,True,False,True,False,True,False
c6,42,31384331,0.6255,HCP5,True,False,True,False,True,False,True,False
c6,43,31383083,0.6255,MICA,True,False,True,False,True,False,True,False
c6,44,31382882,0.6255,MICA,True,False,True,False,True,False,True,False
c6,45,31382621,0.6255,MICA,True,False,True,False,True,False,True,False
c6,46,31381513,0.6255,MICA,True,False,True,False,True,False,True,False
c6,47,31385509,0.6251,HCP5,True,False,True,False,True,False,True,False
c6,48,31385713,0.6251,HCP5,True,False,False,False,False,False,False,False
c6,49,31381814,0.6249,MICA,True,False,True,False,True,False,True,False
c6,50,31388595,0.6247,HCP5,True,False,True,False,True,False,True,False
c6,51,31383751,0.6244,HCP5,True,False,True,False,True,False,True,False
c6,52,31383749,0.6244,HCP5,True,False,True,False,True,False,True,False
c6,53,31388230,0.6244,HCP5,True,False,True,False,True,False,True,False
c6,54,31389809,0.6244,HCP5,True,False,True,False,True,False,True,False
c6,55,31388277,0.6244,HCP5,True,False,True,False,True,False,True,False
c6,56,31388306,0.6244,HCP5,True,False,True,False,True,False,True,False
c6,57,31389617,0.6244,HCP5,True,False,True,False,True,False,True,False
c6,58,31387599,0.6244,HCP5,True,False,True,False,True,False,True,False
c6,59,31385935,0.6244,HCP5,True,False,True,False,True,False,True,False
c6,60,31390558,0.6244,HCP5,True,False,True,False,True,False,True,False
c6,61,31388063,0.6244,HCP5,True,False,True,False,True,False,True,False
c6,62,31387919,0.6244,HCP5,True,False,True,False,True,False,True,False
c6,63,31390055,0.6244,HCP5,True,False,True,False,True,False,True,False
c6,64,31383979,0.6242,HCP5,True,False,True,False,True,False,True,False
c6,65,31395062,0.6241,HCP5,True,False,False,False,False,False,False,False
c6,66,31378654,0.6223,MICA,False,True,True,False,True,False,True,False
c6,67,31378650,0.6223,MICA,False,True,True,False,True,False,True,False
c6,68,31342155,0.6199,intergenic_class_I,False,False,True,False,False,True,True,False
c6,69,31338053,0.619,intergenic_class_I,False,False,True,False,False,True,True,False
c6,70,31343702,0.6188,intergenic_class_I,False,False,True,False,False,True,True,False
c6,71,31337658,0.6188,intergenic_class_I,False,False,True,False,False,True,True,False
c6,72,31341458,0.6187,intergenic_class_I,False,False,True,False,False,True,True,False
c6,73,31345486,0.6186,intergenic_class_I,True,False,True,False,False,True,True,False
c6,74,31345064,0.6186,intergenic_class_I,True,False,True,False,False,True,True,False
c6,75,31342387,0.6183,intergenic_class_I,False,False,True,False,False,True,True,False
c6,76,31342420,0.6183,intergenic_class_I,False,False,True,False,False,True,True,False
c6,77,31342960,0.6182,intergenic_class_I,False,False,True,False,False,True,True,False
c6,78,31338208,0.6171,intergenic_class_I,False,False,True,False,False,True,True,False
c6,79,31339940,0.6169,intergenic_class_I,False,False,True,False,False,True,True,False
c6,80,31340689,0.6169,intergenic_class_I,False,False,True,False,False,True,True,False
c6,81,31397917,0.6166,HCP5,True,False,True,False,True,False,True,False
c6,82,31339012,0.6162,intergenic_class_I,False,False,True,False,False,True,True,False
c6,83,31338346,0.6157,intergenic_class_I,False,False,True,False,False,True,True,False
c6,84,31339549,0.6157,intergenic_class_I,False,False,True,False,False,True,True,False
c6,85,31338579,0.6157,intergenic_class_I,False,False,True,False,False,True,True,False
c6,86,31341156,0.6147,intergenic_class_I,False,False,True,False,False,True,True,False
c6,87,31380387,0.6147,MICA,False,True,True,True,True,True,False,False
c6,88,31380194,0.6147,MICA,False,True,True,True,True,True,False,False
c6,89,31360702,0.6146,intergenic_class_I,False,False,True,False,False,True,True,False
c6,90,31380950,0.6144,MICA,False,False,True,False,True,False,True,False
c6,91,31383370,0.6143,MICA,False,True,True,False,False,True,False,False
c6,92,31342827,0.6141,intergenic_class_I,True,False,True,False,False,True,True,False
c6,93,31342801,0.6141,intergenic_class_I,True,False,True,False,False,True,True,False
c6,94,31361083,0.6139,intergenic_class_I,False,False,True,False,False,True,True,False
c6,95,31392058,0.6136,HCP5,False,True,True,True,True,True,False,False
c6,96,31368451,0.6119,MICA,False,False,True,False,False,True,True,False
c6,97,31339613,0.6114,intergenic_class_I,False,False,True,False,False,True,True,False
c6,98,31340477,0.6114,intergenic_class_I,False,False,True,False,False,True,True,False
c6,99,31377047,0.6103,MICA,False,False,True,False,False,True,True,False
c6,100,31395014,0.6101,HCP5,False,True,False,False,False,False,False,False
c6,101,31421300,0.6083,HCP5,False,True,True,False,False,True,False,False
c6,102,31419201,0.6077,HCP5,False,False,False,False,False,True,False,False
c6,103,31411312,0.6076,HCP5,True,False,True,False,True,True,False,False
c6,104,31415940,0.6064,HCP5,False,True,True,False,False,True,False,False
c6,105,31414588,0.6062,HCP5,False,True,True,False,False,True,False,False
c6,106,31414158,0.6062,HCP5,False,True,True,False,False,True,False,False
c6,107,31414752,0.6062,HCP5,False,True,True,False,False,True,False,False
c6,108,31418355,0.6058,HCP5,False,False,False,False,False,True,False,False
c6,109,31420500,0.6055,HCP5,False,False,False,False,False,True,False,False
c6,110,31377793,0.605,MICA,True,False,False,False,False,False,False,False
c6,111,31411835,0.6049,HCP5,False,True,True,False,False,True,False,False
c6,112,31411557,0.6046,HCP5,False,False,True,False,True,True,False,False
c6,113,31411321,0.6044,HCP5,False,False,True,False,True,True,False,False
c6,114,31403723,0.6031,HCP5,False,True,False,False,False,False,False,False
c6,115,31384578,0.6021,HCP5,False,True,True,True,True,True,False,False
c6,116,31381722,0.602,MICA,False,True,True,True,True,True,False,False
c6,117,31383239,0.602,MICA,False,True,True,True,True,True,False,False
c6,118,31382675,0.6018,MICA,False,True,True,True,True,False,False,False
c6,119,31384147,0.6018,HCP5,False,True,True,True,True,True,False,False
c6,120,31380718,0.6012,MICA,False,True,True,True,True,True,False,False
c6,121,31398226,0.6011,HCP5,False,True,True,True,True,True,False,False
c6,122,31398300,0.6011,HCP5,False,True,True,True,True,True,False,False
c6,123,31394767,0.601,HCP5,False,True,True,True,True,True,False,False
c6,124,31407828,0.601,HCP5,False,True,True,True,True,True,False,False
c6,125,31405604,0.601,HCP5,False,True,True,True,True,True,False,False
c6,126,31409857,0.601,HCP5,False,True,True,True,True,True,False,False
c6,127,31390203,0.601,HCP5,False,True,True,True,True,True,False,False
c6,128,31401374,0.601,HCP5,False,True,True,True,True,True,False,False
c6,129,31398627,0.6009,HCP5,False,True,True,True,True,True,False,False
c6,130,31398621,0.6009,HCP5,False,True,True,True,True,True,False,False
c6,131,31394665,0.6007,HCP5,False,True,True,True,True,True,False,False
c6,132,31393860,0.6007,HCP5,False,True,True,True,True,True,False,False
c6,133,31398490,0.6007,HCP5,False,True,True,True,True,True,False,False
c6,134,31392739,0.6007,HCP5,False,True,True,True,True,True,False,False
c6,135,31400194,0.6007,HCP5,False,True,True,True,True,True,False,False
c6,136,31403623,0.6007,HCP5,False,True,True,True,True,True,False,False
c6,137,31400729,0.6007,HCP5,False,True,True,True,True,True,False,False
c6,138,31400737,0.6007,HCP5,False,True,True,True,True,True,False,False
c6,139,31400904,0.6007,HCP5,False,True,True,True,True,True,False,False
c6,140,31401884,0.6007,HCP5,False,True,True,True,True,True,False,False
c6,141,31400044,0.6007,HCP5,False,True,True,True,True,True,False,False
c6,142,31398641,0.6007,HCP5,False,True,True,True,True,True,False,False
c6,143,31404975,0.6007,HCP5,False,True,True,True,True,True,False,False
c6,144,31405031,0.6007,HCP5,False,True,True,True,True,True,False,False
c6,145,31408585,0.6007,HCP5,False,True,True,True,True,True,False,False
c6,146,31407772,0.6007,HCP5,False,True,True,True,True,True,False,False
c6,147,31407399,0.6007,HCP5,False,True,True,True,True,True,False,False
c6,148,31406335,0.6007,HCP5,False,True,True,True,True,True,False,False
c6,149,31407083,0.6007,HCP5,False,True,True,True,True,True,False,False
c6,150,31406811,0.6007,HCP5,False,True,True,True,True,True,False,False
c6,151,31405107,0.6007,HCP5,False,True,True,True,True,True,False,False
c6,152,31405392,0.6007,HCP5,False,True,True,True,True,True,False,False
c6,153,31407121,0.6007,HCP5,False,True,True,True,True,True,False,False
c6,154,31404706,0.6007,HCP5,False,True,True,True,True,True,False,False
c6,155,31401667,0.6007,HCP5,False,True,True,True,True,True,False,False
c6,156,31403024,0.6007,HCP5,False,True,True,True,True,True,False,False
c6,157,31404105,0.6007,HCP5,False,True,True,True,True,True,False,False
c6,158,31402108,0.6007,HCP5,False,True,True,True,True,True,False,False
c6,159,31398374,0.6007,HCP5,False,True,True,True,True,True,False,False
c6,160,31400264,0.6007,HCP5,False,True,True,True,True,True,False,False
c6,161,31388109,0.6007,HCP5,False,True,True,True,True,True,False,False
c6,162,31389903,0.6007,HCP5,False,True,True,True,True,True,False,False
c6,163,31386865,0.6007,HCP5,False,True,True,True,True,True,False,False
c6,164,31398907,0.6007,HCP5,False,True,True,True,True,True,False,False
c6,165,31389013,0.6007,HCP5,False,True,True,True,True,True,False,False
c6,166,31398376,0.6007,HCP5,False,True,True,True,True,True,False,False
c6,167,31398525,0.6007,HCP5,False,True,True,True,True,True,False,False
c6,168,31394279,0.6007,HCP5,False,True,True,True,True,True,False,False
c6,169,31399145,0.6007,HCP5,False,True,True,True,True,True,False,False
c6,170,31399129,0.6007,HCP5,False,True,True,True,True,True,False,False
c6,171,31398828,0.6007,HCP5,False,True,True,True,True,True,False,False
c6,172,31400667,0.6007,HCP5,False,True,True,True,True,True,False,False
c6,173,31408337,0.6007,HCP5,False,True,True,True,True,True,False,False
c6,174,31400935,0.6005,HCP5,False,True,True,True,True,True,False,False
c6,175,31401744,0.6004,HCP5,False,True,True,True,True,True,False,False
c6,176,31394856,0.6003,HCP5,False,True,True,True,True,True,False,False
c6,177,31400156,0.6002,HCP5,False,True,True,True,True,True,False,False
c6,178,31394825,0.6,HCP5,False,True,True,True,True,True,False,False
c6,179,31407897,0.5998,HCP5,False,True,True,True,True,True,False,False
c6,180,31395040,0.5998,HCP5,False,True,False,False,False,False,False,False
c6,181,31395043,0.5998,HCP5,False,True,False,False,False,False,False,False
c6,182,31394914,0.5996,HCP5,False,True,True,True,True,True,False,False
c6,183,31408716,0.5987,HCP5,False,True,False,False,False,False,False,False
c6,184,31408516,0.5981,HCP5,False,True,True,True,True,True,False,False
c6,185,31402594,0.5981,HCP5,False,True,True,True,True,True,False,False
c6,186,31397737,0.5977,HCP5,False,True,True,True,True,True,False,False
c6,187,31397738,0.5977,HCP5,False,True,True,True,True,True,False,False
c6,188,31399663,0.5976,HCP5,False,True,True,True,True,True,False,False
c6,189,31399665,0.5975,HCP5,False,True,True,True,True,True,False,False
c6,190,31397966,0.5975,HCP5,False,True,True,True,True,True,False,False
c6,191,31397609,0.5974,HCP5,False,True,False,False,False,False,False,False
c6,192,31397631,0.5974,HCP5,False,True,False,False,False,False,False,False
c6,193,31397762,0.5968,HCP5,False,True,True,True,True,True,False,False
c6,194,31424620,0.5961,HCP5,False,True,False,False,False,False,False,False
c6,195,31332527,0.5954,intergenic_class_I,True,False,True,False,False,False,True,False
c6,196,31337311,0.5954,intergenic_class_I,True,False,True,False,False,False,True,False
c6,197,31344851,0.5954,intergenic_class_I,True,False,False,False,False,False,False,False
c6,198,31335323,0.5954,intergenic_class_I,True,False,True,False,False,False,True,False
c6,199,31337185,0.5953,intergenic_class_I,True,False,True,False,False,False,True,False
c6,200,31337458,0.5952,intergenic_class_I,True,False,True,False,False,False,True,False
c6,201,31336100,0.5952,intergenic_class_I,True,False,True,False,False,False,True,False
c6,202,31334852,0.5941,intergenic_class_I,True,False,True,False,False,False,True,False
c6,203,31332501,0.5936,intergenic_class_I,True,False,True,False,False,False,True,False
c6,204,31332372,0.5936,intergenic_class_I,True,False,True,False,False,False,True,False
c6,205,31332531,0.5936,intergenic_class_I,True,False,True,False,False,False,True,False
c6,206,31332332,0.5936,intergenic_class_I,True,False,True,False,False,False,True,False
c6,207,31332661,0.5936,intergenic_class_I,True,False,True,False,False,False,True,False
c6,208,31330066,0.5936,intergenic_class_I,True,False,True,False,False,False,True,False
c6,209,31331698,0.5935,intergenic_class_I,True,False,True,False,False,False,True,False
c6,210,31331726,0.5935,intergenic_class_I,True,False,True,False,False,False,True,False
c6,211,31331872,0.5935,intergenic_class_I,True,False,True,False,False,False,True,False
c6,212,31331711,0.5935,intergenic_class_I,True,False,True,False,False,False,True,False
c6,213,31395104,0.5933,HCP5,False,True,False,False,False,False,False,False
c6,214,31410131,0.5933,HCP5,True,False,False,False,False,False,False,False
c6,215,31333820,0.5924,intergenic_class_I,True,False,True,False,False,False,True,False
c6,216,31421112,0.5922,HCP5,False,True,True,False,False,True,False,False
c6,217,31417196,0.5922,HCP5,False,True,True,False,False,True,False,False
c6,218,31425665,0.592,HCP5,False,True,True,False,False,True,False,False
c6,219,31426888,0.5912,HCP5,False,True,True,False,False,True,False,False
c6,220,31334864,0.5911,intergenic_class_I,True,False,True,False,False,False,True,False
c6,221,31416920,0.5904,HCP5,False,True,True,False,False,True,False,False
c6,222,31414959,0.5901,HCP5,False,True,False,False,False,False,False,False
c6,223,31416701,0.5901,HCP5,False,True,True,False,False,True,False,False
c6,224,31416492,0.5901,HCP5,False,True,True,False,False,True,False,False
c6,225,31379773,0.5897,MICA,True,False,True,False,True,False,True,False
c6,226,31379823,0.5897,MICA,True,False,False,False,False,False,False,False
c6,227,31379807,0.5897,MICA,True,False,True,False,True,False,True,False
c6,228,31379795,0.5897,MICA,True,False,True,False,True,False,True,False
c6,229,31379794,0.5897,MICA,True,False,True,False,True,False,True,False
c6,230,31379620,0.5897,MICA,True,False,True,False,True,False,True,False
c6,231,31379377,0.5897,MICA,True,False,True,False,True,False,True,False
c6,232,31379403,0.5897,MICA,True,False,True,False,True,False,True,False
c6,233,31379549,0.5897,MICA,True,False,True,False,True,False,True,False
c6,234,31378425,0.5897,MICA,True,False,True,False,True,False,True,False
c6,235,31378977,0.5897,MICA,True,False,True,False,True,False,True,False
c6,236,31378387,0.5897,MICA,True,False,True,False,True,False,True,False
c6,237,31420574,0.5896,HCP5,False,True,True,False,False,True,False,False
c6,238,31379109,0.5892,MICA,True,False,True,False,True,False,True,False
c6,239,31397923,0.588,HCP5,False,True,True,True,True,True,False,False
c6,240,31397933,0.588,HCP5,False,True,True,True,True,True,False,False
c6,241,31393374,0.5858,HCP5,False,True,True,False,True,True,True,False
c6,242,31384792,0.585,HCP5,True,False,True,False,True,True,True,False
c6,243,31384889,0.5849,HCP5,True,False,True,False,True,True,True,False
c6,244,31395237,0.5842,HCP5,False,False,False,False,False,False,False,False
c6,245,31382585,0.5838,MICA,True,False,True,False,True,False,True,False
c6,246,31381130,0.5836,MICA,True,False,True,False,True,False,True,False
c6,247,31382690,0.5836,MICA,True,False,True,False,True,False,True,False
c6,248,31382770,0.5836,MICA,True,False,True,False,True,False,True,False
c6,249,31381321,0.5836,MICA,True,False,True,False,True,False,True,False
c6,250,31380587,0.5836,MICA,True,False,True,False,True,False,True,False
c6,251,31380974,0.5836,MICA,True,False,True,False,True,False,True,False
c6,252,31380943,0.5836,MICA,True,False,True,False,True,False,True,False
c6,253,31382964,0.5836,MICA,True,False,True,False,True,False,True,False
c6,254,31380854,0.5836,MICA,True,False,True,False,True,False,True,False
c6,255,31380710,0.5828,MICA,True,False,True,False,True,False,True,False
c6,256,31417456,0.5825,HCP5,False,True,True,False,False,True,True,False
c6,257,31409102,0.5821,HCP5,True,False,True,False,True,False,True,False
c6,258,31410524,0.5821,HCP5,True,False,True,False,True,True,True,False
c6,259,31415852,0.5794,HCP5,False,True,True,True,True,True,False,False
c6,260,31410948,0.5786,HCP5,True,False,True,False,True,True,True,False
c6,261,31326166,0.5756,intergenic_class_I,False,False,False,False,True,False,True,False
c6,262,31395209,0.5733,HCP5,False,True,False,False,False,False,False,False
c6,263,31380198,0.5731,MICA,False,True,True,True,True,True,True,False
c6,264,31378358,0.5728,MICA,False,True,True,True,True,True,True,False
c6,265,31395146,0.5719,HCP5,False,True,False,False,False,False,False,False
c6,266,31410327,0.5713,HCP5,False,True,True,True,True,True,False,False
c6,267,31392991,0.571,HCP5,False,True,False,False,False,False,False,False
c6,268,31417396,0.5684,HCP5,False,True,True,False,False,True,True,False
c6,269,31427139,0.5633,HCP5,True,True,True,True,False,False,True,False
c6,270,31346436,0.563,intergenic_class_I,False,True,True,False,False,True,True,False
c6,271,31335096,0.563,intergenic_class_I,False,True,True,False,False,True,True,False
c6,272,31338528,0.5622,intergenic_class_I,True,False,False,False,False,False,True,False
c6,273,31334265,0.5608,intergenic_class_I,False,True,True,False,False,True,True,False
c6,274,31333610,0.5608,intergenic_class_I,False,True,True,False,False,True,True,False
c6,275,31329797,0.5606,intergenic_class_I,False,True,True,False,False,True,True,False
c6,276,31304291,0.5603,intergenic_class_I,True,False,False,False,True,False,True,False
c6,277,31305284,0.5602,intergenic_class_I,True,False,False,False,True,False,True,False
c6,278,31409024,0.56,HCP5,True,False,True,False,True,False,True,False
c6,279,31380745,0.5594,MICA,False,True,True,True,True,True,True,False
c6,280,31380732,0.5594,MICA,False,True,True,True,True,True,True,False
c6,281,31398331,0.5589,HCP5,False,True,True,True,True,True,True,False
c6,282,31406292,0.5586,HCP5,True,False,True,False,True,False,True,False
c6,283,31398144,0.5584,HCP5,True,False,True,False,True,False,True,False
c6,284,31398312,0.5584,HCP5,True,False,True,False,True,False,True,False
c6,285,31397800,0.5582,HCP5,False,True,False,False,False,False,False,False
c6,286,31397806,0.5582,HCP5,False,True,True,True,True,True,False,False
c6,287,31397799,0.5582,HCP5,False,True,True,True,True,True,False,False
c6,288,31397801,0.5582,HCP5,False,True,False,False,False,False,False,False
c6,289,31394757,0.5582,HCP5,True,False,True,False,True,False,True,False
c6,290,31394473,0.558,HCP5,True,False,True,False,True,False,True,False
c6,291,31394507,0.558,HCP5,True,False,True,False,True,False,True,False
c6,292,31394673,0.558,HCP5,True,False,True,False,True,False,True,False
c6,293,31399229,0.558,HCP5,True,False,True,False,True,False,True,False
c6,294,31399946,0.558,HCP5,True,False,True,False,True,False,True,False
c6,295,31408349,0.558,HCP5,True,False,True,False,True,False,True,False
c6,296,31399135,0.558,HCP5,True,False,True,False,True,False,True,False
c6,297,31393600,0.558,HCP5,True,False,True,False,True,False,True,False
c6,298,31402454,0.558,HCP5,True,False,True,False,True,False,True,False
c6,299,31406770,0.558,HCP5,True,False,True,False,True,False,True,False
c6,300,31407217,0.558,HCP5,True,False,True,False,True,False,True,False
c6,301,31407120,0.558,HCP5,True,False,True,False,True,False,True,False
c6,302,31408557,0.558,HCP5,True,False,True,False,True,False,True,False
c6,303,31401543,0.558,HCP5,True,False,True,False,True,False,True,False
c6,304,31407247,0.558,HCP5,True,False,True,False,True,False,True,False
c6,305,31402142,0.558,HCP5,True,False,True,False,True,False,True,False
c6,306,31405427,0.558,HCP5,True,False,True,False,True,False,True,False
c6,307,31402305,0.558,HCP5,True,False,True,False,True,False,True,False
c6,308,31400890,0.558,HCP5,True,False,True,False,True,False,True,False
c6,309,31401783,0.558,HCP5,True,False,True,False,True,False,True,False
c6,310,31399623,0.558,HCP5,True,False,True,False,True,False,True,False
c6,311,31399583,0.558,HCP5,True,False,True,False,True,False,True,False
c6,312,31401892,0.558,HCP5,True,False,True,False,True,False,True,False
c6,313,31403689,0.558,HCP5,True,False,True,False,True,False,True,False
c6,314,31407821,0.5577,HCP5,True,False,True,False,True,False,True,False
c6,315,31403791,0.5577,HCP5,True,False,True,False,True,False,True,False
c6,316,31407643,0.5576,HCP5,True,False,True,False,True,False,True,False
c6,317,31407896,0.5576,HCP5,False,True,True,True,True,True,True,False
c6,318,31397828,0.5569,HCP5,True,False,True,False,True,False,True,False
c6,319,31410597,0.5568,HCP5,False,True,True,True,True,True,False,False
c6,320,31402837,0.5568,HCP5,True,False,True,False,True,True,False,False
c6,321,31305153,0.5563,intergenic_class_I,True,False,False,False,True,False,True,False
c6,322,31410649,0.5563,HCP5,False,True,True,True,True,True,False,False
c6,323,31410751,0.5561,HCP5,False,True,True,True,True,True,False,False
c6,324,31411519,0.5561,HCP5,False,True,True,True,True,True,False,False
c6,325,31410885,0.5561,HCP5,False,True,True,True,True,True,False,False
c6,326,31411377,0.5561,HCP5,False,True,True,True,True,True,False,False
c6,327,31394869,0.556,HCP5,True,False,True,False,True,False,True,False
c6,328,31394863,0.556,HCP5,True,False,True,False,True,False,True,False
c6,329,31404483,0.5559,HCP5,True,False,True,False,True,False,True,False
c6,330,31306418,0.5558,intergenic_class_I,True,False,False,False,True,False,True,False
c6,331,31306407,0.5557,intergenic_class_I,True,False,False,False,True,False,True,False
c6,332,31302948,0.5552,intergenic_class_I,True,False,False,False,True,False,True,False
c6,333,31306135,0.5551,intergenic_class_I,True,False,False,False,True,False,True,False
c6,334,31306109,0.5551,intergenic_class_I,True,False,False,False,True,False,True,False
c6,335,31304284,0.555,intergenic_class_I,True,False,False,False,True,False,True,False
c6,336,31306469,0.5548,intergenic_class_I,True,False,False,False,True,False,True,False
c6,337,31305328,0.5544,intergenic_class_I,True,False,False,False,False,False,False,False
c6,338,31305246,0.5541,intergenic_class_I,True,False,False,False,True,False,True,False
c6,339,31305230,0.5541,intergenic_class_I,True,False,False,False,True,False,True,False
c6,340,31305206,0.5541,intergenic_class_I,True,False,False,False,True,False,True,False
c6,341,31305714,0.5539,intergenic_class_I,True,False,False,False,True,False,True,False
c6,342,31305731,0.5539,intergenic_class_I,True,False,False,False,True,False,True,False
c6,343,31395095,0.5534,HCP5,True,False,False,False,False,False,False,False
c6,344,31308680,0.5532,intergenic_class_I,True,False,False,False,True,False,True,False
c6,345,31306080,0.5531,intergenic_class_I,True,False,False,False,True,False,True,False
c6,346,31304424,0.5531,intergenic_class_I,True,False,False,False,True,False,True,False
c6,347,31302904,0.553,intergenic_class_I,True,False,False,False,True,False,True,False
c6,348,31302894,0.553,intergenic_class_I,True,False,False,False,True,False,True,False
c6,349,31306275,0.553,intergenic_class_I,True,False,False,False,True,False,True,False
c6,350,31307419,0.553,intergenic_class_I,True,False,False,False,True,False,True,False
c6,351,31306228,0.5527,intergenic_class_I,True,False,False,False,True,False,True,False
c6,352,31307437,0.5526,intergenic_class_I,True,False,False,False,True,False,True,False
c6,353,31304884,0.5526,intergenic_class_I,True,False,False,False,True,False,True,False
c6,354,31306342,0.5525,intergenic_class_I,True,False,False,False,True,False,True,False
c6,355,31306354,0.5525,intergenic_class_I,True,False,False,False,True,False,True,False
c7,1,31462844,0.5095,MICB,True,False,False,True,False,False,False,False
c7,2,31471473,0.5091,MICB,True,False,False,True,False,False,False,False
c7,3,31468091,0.5091,MICB,True,False,False,True,False,False,False,False
c7,4,31470875,0.5091,MICB,True,False,False,True,False,False,False,False
c7,5,31470545,0.5091,MICB,True,False,False,True,False,False,False,False
c7,6,31471147,0.5091,MICB,True,False,False,True,False,False,False,False
c7,7,31468024,0.5091,MICB,True,False,False,True,False,False,False,False
c7,8,31466523,0.5091,MICB,True,False,False,True,False,False,False,False
c7,9,31464804,0.5091,MICB,True,False,False,True,False,False,False,False
c7,10,31465726,0.5091,MICB,True,False,False,True,False,False,False,False
c7,11,31469365,0.5091,MICB,True,False,False,True,False,False,False,False
c7,12,31467115,0.5091,MICB,True,False,False,True,False,False,False,False
c7,13,31466769,0.5091,MICB,True,False,False,True,False,False,False,False
c7,14,31463591,0.5091,MICB,True,False,False,True,False,False,False,False
c7,15,31470271,0.5091,MICB,True,False,False,True,False,False,False,False
c7,16,31462466,0.5091,intergenic_class_I,True,False,False,True,False,False,False,False
c7,17,31464289,0.5091,MICB,True,False,False,True,False,False,False,False
c7,18,31463926,0.5091,MICB,True,False,False,True,False,False,False,False
c7,19,31464229,0.5091,MICB,True,False,False,True,False,False,False,False
c7,20,31462600,0.5091,intergenic_class_I,True,False,False,True,False,False,False,False
c7,21,31463333,0.5091,MICB,True,False,False,True,False,False,False,False
c7,22,31463403,0.5091,MICB,True,False,False,True,False,False,False,False
c7,23,31463118,0.5091,MICB,True,False,False,True,False,False,False,False
c7,24,31468485,0.5091,MICB,True,False,False,True,False,False,False,False
c7,25,31468474,0.5091,MICB,True,False,False,True,False,False,False,False
c7,26,31469401,0.5091,MICB,True,False,False,True,False,False,False,False
c7,27,31472193,0.5091,MICB,True,False,False,True,False,False,False,False
c7,28,31471830,0.5091,MICB,True,False,False,True,False,False,False,False
c7,29,31468754,0.5091,MICB,True,False,False,True,False,False,False,False
c7,30,31463208,0.5091,MICB,True,False,False,True,False,False,False,False
c7,31,31464739,0.5089,MICB,True,False,False,True,False,False,False,False
c7,32,31464902,0.5087,MICB,True,False,False,True,False,False,False,False
c7,33,31464050,0.5081,MICB,True,False,False,True,False,False,False,False
c7,34,31464321,0.5075,MICB,True,False,False,True,False,False,False,False
c7,35,31464325,0.5075,MICB,True,False,False,True,False,False,False,False
c7,36,31464955,0.5075,MICB,True,False,False,False,False,False,False,False
c7,37,31471762,0.5074,MICB,True,False,False,False,False,False,False,False
c7,38,31466294,0.5072,MICB,True,False,False,False,False,False,False,False
c7,39,31466283,0.5057,MICB,True,False,False,False,False,False,False,False
c7,40,31466287,0.5052,MICB,True,False,False,False,False,False,False,False
c7,41,31465819,0.5045,MICB,True,False,False,False,False,False,False,False
c7,42,31472757,0.5043,MICB,True,False,False,True,False,False,False,False
c7,43,31236034,0.5,intergenic_class_I,True,False,False,False,True,False,True,False
c7,44,31464918,0.498,MICB,True,False,False,True,False,False,False,False
c7,45,31464932,0.498,MICB,True,False,False,False,False,False,False,False
c7,46,31464934,0.498,MICB,True,False,False,False,False,False,False,False
c7,47,31464930,0.498,MICB,True,False,False,False,False,False,False,False
c7,48,31471129,0.4959,MICB,True,False,False,True,False,True,False,False
c7,49,31469323,0.4959,MICB,True,False,False,True,False,True,False,False
c7,50,31470352,0.4959,MICB,True,False,False,True,False,True,False,False
c7,51,31472149,0.4959,MICB,True,False,False,True,False,True,False,False
c7,52,31468546,0.4959,MICB,True,False,False,True,False,True,False,False
c7,53,31469933,0.4959,MICB,True,False,False,True,False,True,False,False
c7,54,31472308,0.4959,MICB,True,False,False,True,False,True,False,False
c7,55,31465103,0.4959,MICB,True,False,False,True,False,True,False,False
c7,56,31464029,0.4948,MICB,True,False,False,True,False,True,False,False
c7,57,31472792,0.488,MICB,True,False,False,False,False,False,False,False
c7,58,31482714,0.4791,3'_of_MICB,True,False,False,True,True,False,False,False
c7,59,31482727,0.4791,3'_of_MICB,True,False,False,True,True,False,False,False
c7,60,31481526,0.4791,3'_of_MICB,True,False,False,True,True,False,False,False
c7,61,31480874,0.4791,3'_of_MICB,True,False,False,True,True,False,False,False
c7,62,31481146,0.479,3'_of_MICB,True,False,False,True,True,False,False,False
c7,63,31483415,0.4789,3'_of_MICB,True,False,False,True,True,False,False,False
c7,64,31472115,0.475,MICB,True,False,False,False,False,False,False,False
c7,65,31473070,0.4742,MICB,True,False,False,False,False,False,False,False
c7,66,31466522,0.4742,MICB,True,False,False,False,False,False,False,False
c7,67,31471448,0.4742,MICB,True,False,False,False,False,False,False,False
c7,68,31463128,0.4742,MICB,True,False,False,False,False,False,False,False
c7,69,31236115,0.4693,intergenic_class_I,True,False,False,False,True,True,True,False
c7,70,31478951,0.4685,3'_of_MICB,True,False,False,False,False,False,False,False
c7,71,31477531,0.4684,MICB,True,False,False,False,False,False,False,False
c7,72,31518354,0.4683,3'_of_MICB,True,False,False,False,False,False,False,False
c7,73,31480906,0.4676,3'_of_MICB,True,False,False,False,False,False,False,False
c7,74,31539768,0.4674,3'_of_MICB,True,False,False,False,False,False,False,False
c7,75,31555130,0.4627,3'_of_MICB,True,False,False,False,False,False,False,False
c7,76,31472956,0.4625,MICB,True,False,False,False,False,False,False,False
c7,77,31240712,0.461,intergenic_class_I,True,False,False,False,True,False,True,False
c7,78,31150435,0.4602,5'_of_HCG27,True,False,False,False,False,True,False,False
c7,79,31483458,0.4585,3'_of_MICB,True,False,False,False,False,False,False,False
c7,80,31428967,0.4576,HCP5,True,False,False,False,False,True,False,False
c7,81,31472821,0.4571,MICB,True,False,False,True,False,False,False,False
c7,82,31240721,0.4544,intergenic_class_I,True,False,False,False,True,False,True,False
c7,83,31224423,0.4544,intergenic_class_I,True,False,False,False,True,True,True,False
c7,84,31235326,0.4539,intergenic_class_I,True,False,False,False,True,False,True,False
c7,85,31231130,0.4533,intergenic_class_I,True,False,False,False,False,False,False,False
c7,86,31238490,0.453,HLA-C,True,False,False,False,False,False,False,False
c7,87,31231117,0.4525,intergenic_class_I,True,False,False,False,True,True,True,False
c7,88,31231114,0.4524,intergenic_class_I,False,False,False,False,True,True,True,False
c7,89,31234786,0.4522,intergenic_class_I,False,False,False,False,True,True,True,False
c7,90,31234774,0.4522,intergenic_class_I,False,False,False,False,True,True,True,False
c7,91,31231142,0.4519,intergenic_class_I,True,False,False,False,True,True,True,False
c7,92,31234771,0.4517,intergenic_class_I,True,False,False,False,True,True,True,False
c7,93,31234742,0.4517,intergenic_class_I,True,False,False,False,True,True,True,False
c7,94,31232913,0.4517,intergenic_class_I,True,False,False,False,True,True,True,False
c7,95,31233121,0.4517,intergenic_class_I,True,False,False,False,True,True,True,False
c7,96,31233152,0.4517,intergenic_class_I,True,False,False,False,True,True,True,False
c7,97,31233143,0.4516,intergenic_class_I,False,False,False,False,True,True,True,False
c7,98,31234911,0.4515,intergenic_class_I,False,False,False,False,True,True,True,False
c7,99,31235254,0.4515,intergenic_class_I,False,False,False,False,True,True,True,False
c7,100,31235708,0.4515,intergenic_class_I,False,False,False,False,True,True,True,False
c7,101,31232789,0.4514,intergenic_class_I,True,False,False,False,True,True,True,False
c7,102,31235139,0.4514,intergenic_class_I,True,False,False,False,True,True,True,False
c7,103,31235127,0.4514,intergenic_class_I,True,False,False,False,True,True,True,False
c7,104,31235816,0.4514,intergenic_class_I,True,False,False,False,True,True,True,False
c7,105,31234836,0.4514,intergenic_class_I,True,False,False,False,True,True,True,False
c7,106,31234855,0.4514,intergenic_class_I,True,False,False,False,True,True,True,False
c7,107,31234948,0.4514,intergenic_class_I,True,False,False,False,True,True,True,False
c7,108,31234851,0.4514,intergenic_class_I,True,False,False,False,True,True,True,False
c7,109,31235276,0.4514,intergenic_class_I,True,False,False,False,True,True,True,False
c7,110,31233758,0.4514,intergenic_class_I,True,False,False,False,True,True,True,False
c7,111,31234952,0.4514,intergenic_class_I,True,False,False,False,True,True,True,False
c7,112,31233214,0.4514,intergenic_class_I,True,False,False,False,True,True,True,False
c7,113,31233232,0.4514,intergenic_class_I,True,False,False,False,True,True,True,False
c7,114,31229942,0.4514,intergenic_class_I,True,False,False,False,True,True,True,False
c7,115,31231972,0.4514,intergenic_class_I,True,False,False,False,True,True,True,False
c7,116,31231019,0.4514,intergenic_class_I,True,False,False,False,True,True,True,False
c7,117,31231809,0.4514,intergenic_class_I,True,False,False,False,True,True,True,False
c7,118,31232111,0.4514,intergenic_class_I,True,False,False,False,True,True,True,False
c7,119,31231968,0.4514,intergenic_class_I,True,False,False,False,True,True,True,False
c7,120,31230759,0.4514,intergenic_class_I,True,False,False,False,True,True,True,False
c7,121,31230452,0.4514,intergenic_class_I,True,False,False,False,True,True,True,False
c7,122,31230882,0.4514,intergenic_class_I,True,False,False,False,True,True,True,False
c7,123,31229921,0.4514,intergenic_class_I,True,False,False,True,True,True,True,False
c7,124,31230651,0.4514,intergenic_class_I,True,False,False,False,True,True,True,False
c7,125,31229845,0.4514,intergenic_class_I,True,False,False,True,True,True,True,False
c7,126,31231718,0.4514,intergenic_class_I,True,False,False,False,True,True,True,False
c7,127,31234642,0.4513,intergenic_class_I,True,False,False,False,True,True,True,False
c7,128,31232769,0.4513,intergenic_class_I,True,False,False,False,True,True,True,False
c7,129,31230078,0.4513,intergenic_class_I,True,False,False,False,True,True,True,False
c7,130,31233643,0.4513,intergenic_class_I,False,False,False,False,True,True,True,False
c7,131,31231199,0.4512,intergenic_class_I,True,False,False,True,True,True,True,False
c7,132,31231232,0.4512,intergenic_class_I,True,False,False,False,True,True,True,False
c7,133,31234074,0.4512,intergenic_class_I,False,False,False,False,True,True,True,False
c7,134,31230990,0.4512,intergenic_class_I,False,False,False,False,True,True,True,False
c7,135,31230498,0.4512,intergenic_class_I,False,False,False,False,True,True,True,False
c7,136,31230645,0.4512,intergenic_class_I,False,False,False,False,True,True,True,False
c7,137,31232343,0.4512,intergenic_class_I,False,False,False,False,True,True,True,False
c7,138,31232147,0.4512,intergenic_class_I,False,False,False,False,True,True,True,False
c7,139,31230605,0.4512,intergenic_class_I,False,False,False,False,True,True,True,False
c7,140,31232318,0.4512,intergenic_class_I,False,False,False,False,True,True,True,False
c7,141,31233988,0.4512,intergenic_class_I,False,False,False,False,True,True,True,False
c7,142,31233992,0.4512,intergenic_class_I,False,False,False,False,True,True,True,False
c7,143,31233845,0.4512,intergenic_class_I,False,False,False,False,True,True,True,False
c7,144,31234058,0.4512,intergenic_class_I,False,False,False,False,True,True,True,False
c7,145,31233521,0.4512,intergenic_class_I,True,False,False,False,True,True,True,False
c7,146,31233529,0.4512,intergenic_class_I,True,False,False,False,True,True,True,False
c7,147,31229016,0.4512,intergenic_class_I,True,False,False,False,True,False,True,False
c7,148,31235576,0.4512,intergenic_class_I,True,False,False,False,True,True,True,False
c7,149,31235558,0.4512,intergenic_class_I,True,False,False,False,True,True,True,False
c7,150,31232825,0.4512,intergenic_class_I,False,False,False,False,True,True,True,False
c7,151,31233396,0.4511,intergenic_class_I,False,False,False,False,True,True,True,False
c7,152,31233395,0.4511,intergenic_class_I,False,False,False,False,True,True,True,False
c7,153,31233353,0.4511,intergenic_class_I,False,False,False,False,True,True,True,False
c7,154,31231193,0.4511,intergenic_class_I,False,False,False,False,False,False,False,False
c7,155,31231234,0.4511,intergenic_class_I,False,False,False,False,True,True,True,False
c7,156,31233456,0.451,intergenic_class_I,True,False,False,False,True,True,True,False
c7,157,31233270,0.451,intergenic_class_I,True,False,False,False,True,True,True,False
c7,158,31233258,0.451,intergenic_class_I,True,False,False,False,True,True,True,False
c7,159,31235374,0.4509,intergenic_class_I,False,False,False,False,True,True,True,False
c7,160,31232563,0.4509,intergenic_class_I,True,False,False,False,True,True,True,False
c7,161,31232412,0.4509,intergenic_class_I,True,False,False,False,True,True,True,False
c7,162,31232703,0.4509,intergenic_class_I,True,False,False,False,True,True,True,False
c7,163,31235383,0.4508,intergenic_class_I,False,False,False,False,True,True,True,False
c7,164,31145451,0.4507,5'_of_HCG27,True,False,False,False,True,True,True,False
c7,165,31232697,0.4507,intergenic_class_I,False,False,False,False,True,True,True,False
c7,166,31232723,0.4507,intergenic_class_I,False,False,False,False,True,True,True,False
c7,167,31232722,0.4507,intergenic_class_I,False,False,False,False,True,True,True,False
c7,168,31230356,0.4507,intergenic_class_I,True,False,False,True,True,True,True,False
c7,169,31235786,0.4506,intergenic_class_I,False,False,False,False,True,True,True,False
c7,170,31143582,0.4505,5'_of_HCG27,True,False,False,False,True,True,True,False
c7,171,31235412,0.4505,intergenic_class_I,True,False,False,False,True,True,True,False
c7,172,31231105,0.4504,intergenic_class_I,True,False,False,True,True,True,True,False
c7,173,31231382,0.4504,intergenic_class_I,False,False,False,False,True,True,True,False
c7,174,31231688,0.4503,intergenic_class_I,True,False,False,False,True,True,True,False
c7,175,31232446,0.4503,intergenic_class_I,False,False,False,False,True,True,True,False
c7,176,31230174,0.4498,intergenic_class_I,True,False,False,False,True,True,True,False
c7,177,31235610,0.4497,intergenic_class_I,False,False,False,False,True,True,True,False
c7,178,31231575,0.4497,intergenic_class_I,True,False,False,False,True,True,True,False
c7,179,31231332,0.4495,intergenic_class_I,True,False,False,False,True,True,True,False
c7,180,31141612,0.4495,5'_of_HCG27,True,False,False,False,False,True,False,False
c7,181,31234990,0.4495,intergenic_class_I,False,False,False,False,True,True,True,False
c7,182,31231068,0.4495,intergenic_class_I,True,False,False,True,True,True,True,False
c7,183,31231591,0.4493,intergenic_class_I,False,False,False,False,True,True,True,False
c7,184,31229930,0.4493,intergenic_class_I,True,False,False,True,True,True,True,False
c7,185,31234566,0.4491,intergenic_class_I,True,False,False,False,True,True,True,False
c7,186,31234507,0.4491,intergenic_class_I,True,False,False,False,True,True,True,False
c7,187,31231501,0.4491,intergenic_class_I,True,False,False,False,True,True,True,False
c7,188,31190303,0.4491,intergenic_class_I,True,False,False,False,True,True,False,False
c7,189,31187075,0.4491,intergenic_class_I,True,False,False,False,True,True,False,False
c7,190,31230318,0.449,intergenic_class_I,False,False,False,False,True,True,True,False
c7,191,31230319,0.449,intergenic_class_I,False,False,False,False,True,True,True,False
c7,192,31230180,0.4486,intergenic_class_I,False,False,False,False,True,True,True,False
c7,193,31235421,0.4485,intergenic_class_I,True,False,False,True,True,True,True,False
c7,194,31230183,0.4485,intergenic_class_I,False,False,False,False,True,True,True,False
c7,195,31177094,0.4485,intergenic_class_I,True,False,False,False,True,True,False,False
c7,196,31176948,0.4484,intergenic_class_I,True,False,False,False,True,True,False,False
c7,197,31231534,0.4484,intergenic_class_I,True,False,False,True,True,True,True,False
c7,198,31234556,0.4481,intergenic_class_I,True,False,False,False,True,True,True,False
c7,199,31231538,0.4481,intergenic_class_I,False,False,False,False,True,True,True,False
c7,200,31234541,0.448,intergenic_class_I,False,False,False,False,True,True,True,False
c7,201,31224495,0.4472,intergenic_class_I,True,False,False,False,True,True,True,False
c7,202,31224494,0.4472,intergenic_class_I,True,False,False,False,True,True,True,False
c7,203,31224488,0.4472,intergenic_class_I,True,False,False,False,True,True,True,False
c7,204,31236051,0.4472,intergenic_class_I,True,False,False,True,False,True,True,False
c7,205,31221023,0.4472,intergenic_class_I,True,False,False,False,True,True,False,False
c7,206,31225708,0.4471,intergenic_class_I,False,False,False,False,True,True,True,False
c7,207,31224489,0.4471,intergenic_class_I,True,False,False,True,True,True,True,False
c7,208,31237769,0.4471,HLA-C,False,False,False,False,False,False,False,False
c7,209,31183509,0.4471,intergenic_class_I,True,False,False,False,True,True,False,False
c7,210,31235500,0.447,intergenic_class_I,True,False,False,False,True,True,True,False
c7,211,31529335,0.4469,3'_of_MICB,True,False,False,False,False,False,False,False
c7,212,31529334,0.4469,3'_of_MICB,True,False,False,False,False,False,False,False
c7,213,31534206,0.4467,3'_of_MICB,True,False,False,False,False,False,False,False
c7,214,31227263,0.4466,intergenic_class_I,True,False,False,True,True,True,True,False
c7,215,31234494,0.4464,intergenic_class_I,True,False,False,True,True,True,True,False
c7,216,31221937,0.4464,intergenic_class_I,True,False,False,False,True,True,True,False
c7,217,31533870,0.4463,3'_of_MICB,True,False,False,False,False,False,False,False
c7,218,31532254,0.4463,3'_of_MICB,True,False,False,False,False,False,False,False
c7,219,31532553,0.4463,3'_of_MICB,True,False,False,False,False,False,False,False
c7,220,31532193,0.4463,3'_of_MICB,True,False,False,False,False,False,False,False
c7,221,31533378,0.4463,3'_of_MICB,True,False,False,False,False,False,False,False
c7,222,31536796,0.4463,3'_of_MICB,True,False,False,False,False,False,False,False
c7,223,31535074,0.4463,3'_of_MICB,True,False,False,False,False,False,False,False
c7,224,31530574,0.4463,3'_of_MICB,True,False,False,False,False,False,False,False
c7,225,31531215,0.4463,3'_of_MICB,True,False,False,False,False,False,False,False
c7,226,31529883,0.4463,3'_of_MICB,True,False,False,False,False,False,False,False
c7,227,31228185,0.4463,intergenic_class_I,True,False,False,True,True,True,True,False
c7,228,31238234,0.4462,HLA-C,True,False,False,False,False,False,False,False
c7,229,31222901,0.4462,intergenic_class_I,False,False,False,False,True,True,True,False
c7,230,31528326,0.4461,3'_of_MICB,True,False,False,False,False,False,False,False
c7,231,31222898,0.4461,intergenic_class_I,True,False,False,True,True,True,True,False
c7,232,31237124,0.446,HLA-C,True,False,False,False,False,False,False,False
c7,233,31238535,0.446,HLA-C,False,False,False,False,False,False,False,False
c7,234,31238318,0.446,HLA-C,False,False,False,False,False,False,False,False
c7,235,31238524,0.446,HLA-C,False,False,False,False,False,False,False,False
c7,236,31239227,0.446,HLA-C,False,False,False,False,False,False,False,False
c7,237,31237233,0.446,HLA-C,False,False,False,False,False,False,False,False
c7,238,31237027,0.446,HLA-C,False,False,False,False,False,False,False,False
c7,239,31237017,0.446,HLA-C,False,False,False,False,False,False,False,False
c7,240,31229173,0.4459,intergenic_class_I,True,False,False,True,True,True,True,False
c7,241,31238029,0.4459,HLA-C,True,False,False,False,False,False,False,False
c7,242,31223084,0.4459,intergenic_class_I,True,False,False,True,True,True,True,False
c7,243,31237405,0.4459,HLA-C,True,False,False,False,False,False,False,False
c7,244,31237437,0.4459,HLA-C,True,False,False,False,False,False,False,False
c7,245,31237463,0.4459,HLA-C,True,False,False,False,False,False,False,False
c7,246,31239279,0.4459,HLA-C,True,False,False,False,False,False,False,False
c7,247,31239205,0.4459,HLA-C,True,False,False,False,False,False,False,False
c7,248,31238297,0.4459,HLA-C,True,False,False,False,False,False,False,False
c7,249,31238492,0.4459,HLA-C,True,False,False,False,False,False,False,False
c7,250,31237048,0.4459,HLA-C,True,False,False,False,False,False,False,False
c7,251,31237014,0.4459,HLA-C,True,False,False,False,False,False,False,False
c7,252,31238308,0.4459,HLA-C,True,False,False,False,False,False,False,False
c7,253,31238372,0.4459,HLA-C,True,False,False,False,False,False,False,False
c7,254,31237563,0.4459,HLA-C,True,False,False,False,False,False,False,False
c7,255,31237353,0.4459,HLA-C,True,False,False,False,False,False,False,False
c7,256,31237592,0.4459,HLA-C,True,False,False,False,False,False,False,False
c7,257,31237660,0.4459,HLA-C,True,False,False,False,False,False,False,False
c7,258,31237323,0.4459,HLA-C,True,False,False,False,False,False,False,False
c7,259,31237333,0.4459,HLA-C,True,False,False,False,False,False,False,False
c7,260,31237162,0.4459,HLA-C,True,False,False,False,False,False,False,False
c7,261,31237230,0.4459,HLA-C,True,False,False,False,False,False,False,False
c7,262,31237723,0.4459,HLA-C,True,False,False,False,False,False,False,False
c7,263,31237664,0.4459,HLA-C,True,False,False,False,False,False,False,False
c7,264,31237876,0.4459,HLA-C,True,False,False,False,False,False,False,False
c7,265,31237727,0.4459,HLA-C,True,False,False,False,False,False,False,False
c7,266,31221931,0.4458,intergenic_class_I,True,False,False,True,True,True,True,False
c7,267,31222516,0.4458,intergenic_class_I,False,False,False,False,True,True,True,False
c7,268,31222524,0.4458,intergenic_class_I,False,False,False,False,True,True,True,False
c7,269,31226786,0.4458,intergenic_class_I,True,False,False,False,True,True,True,False
c7,270,31222842,0.4457,intergenic_class_I,True,False,False,True,True,True,True,False
c7,271,31222551,0.4457,intergenic_class_I,True,False,False,True,True,True,True,False
c7,272,31535462,0.4457,3'_of_MICB,True,False,False,False,False,False,False,False
c7,273,31238230,0.4457,HLA-C,True,False,False,False,False,False,False,False
c7,274,31224865,0.4456,intergenic_class_I,True,False,False,False,True,True,True,False
c7,275,31227146,0.4456,intergenic_class_I,False,False,False,False,True,True,True,False
c7,276,31227142,0.4456,intergenic_class_I,False,False,False,False,True,True,True,False
c7,277,31227151,0.4456,intergenic_class_I,False,False,False,False,True,True,True,False
c7,278,31225312,0.4455,intergenic_class_I,True,False,False,True,True,True,True,False
c7,279,31234239,0.4455,intergenic_class_I,True,False,False,True,True,True,True,False
c7,280,31222610,0.4455,intergenic_class_I,False,False,False,False,True,True,True,False
c7,281,31222391,0.4455,intergenic_class_I,False,False,False,False,True,True,True,False
c7,282,31226989,0.4455,intergenic_class_I,False,False,False,False,True,True,True,False
c7,283,31225907,0.4455,intergenic_class_I,True,False,False,False,True,True,True,False
c7,284,31228327,0.4454,intergenic_class_I,True,False,False,False,True,True,True,False
c7,285,31226730,0.4454,intergenic_class_I,True,False,False,True,True,True,True,False
c7,286,31227752,0.4454,intergenic_class_I,True,False,False,False,True,True,True,False
c7,287,31228104,0.4454,intergenic_class_I,True,False,False,True,True,True,True,False
c7,288,31227737,0.4454,intergenic_class_I,True,False,False,True,True,True,True,False
c7,289,31228087,0.4454,intergenic_class_I,True,False,False,True,True,True,True,False
c7,290,31226324,0.4454,intergenic_class_I,True,False,False,True,True,True,True,False
c7,291,31226240,0.4454,intergenic_class_I,True,False,False,True,True,True,True,False
c7,292,31226876,0.4454,intergenic_class_I,True,False,False,True,True,True,True,False
c7,293,31227713,0.4454,intergenic_class_I,True,False,False,True,True,True,True,False
c7,294,31228174,0.4454,intergenic_class_I,True,False,False,True,True,True,True,False
c7,295,31228040,0.4454,intergenic_class_I,True,False,False,True,True,True,True,False
c7,296,31229593,0.4454,intergenic_class_I,True,False,False,True,True,True,True,False
c7,297,31229610,0.4454,intergenic_class_I,True,False,False,True,True,True,True,False
c7,298,31222019,0.4454,intergenic_class_I,True,False,False,True,True,True,True,False
c7,299,31221992,0.4454,intergenic_class_I,True,False,False,True,True,True,True,False
c7,300,31222607,0.4454,intergenic_class_I,True,False,False,True,True,True,True,False
c7,301,31224797,0.4453,intergenic_class_I,True,False,False,True,True,True,True,False
c7,302,31224098,0.4453,intergenic_class_I,True,False,False,False,True,True,True,False
c7,303,31536224,0.4453,3'_of_MICB,True,False,False,False,False,False,False,False
c7,304,31228267,0.4452,intergenic_class_I,True,False,False,False,True,True,True,False
c7,305,31228212,0.4452,intergenic_class_I,True,False,False,False,True,True,True,False
c7,306,31225982,0.4452,intergenic_class_I,True,False,False,True,True,True,True,False
c7,307,31228666,0.4452,intergenic_class_I,False,False,False,False,True,True,True,False
c7,308,31227219,0.4452,intergenic_class_I,True,False,False,False,True,True,True,False
c7,309,31227250,0.4452,intergenic_class_I,True,False,False,False,True,True,True,False
c7,310,31228386,0.4452,intergenic_class_I,True,False,False,True,True,True,True,False
c7,311,31228399,0.4452,intergenic_class_I,True,False,False,True,True,True,True,False
c7,312,31226846,0.4452,intergenic_class_I,False,False,False,False,True,True,True,False
c7,313,31228460,0.4452,intergenic_class_I,True,False,False,True,True,True,True,False
c7,314,31237950,0.4452,HLA-C,True,False,False,False,False,False,False,False
c7,315,31229775,0.4452,intergenic_class_I,True,False,False,True,True,True,True,False
c7,316,31222204,0.4451,intergenic_class_I,True,False,False,True,True,True,True,False
c7,317,31222196,0.4451,intergenic_class_I,True,False,False,True,True,True,True,False
c7,318,31227254,0.4451,intergenic_class_I,True,False,False,True,True,True,True,False
c7,319,31229289,0.4451,intergenic_class_I,False,False,False,False,True,True,True,False
c7,320,31225292,0.4451,intergenic_class_I,False,False,False,False,True,True,True,False
c7,321,31540429,0.4451,3'_of_MICB,True,False,False,False,False,False,False,False
c7,322,31222243,0.4451,intergenic_class_I,False,False,False,False,True,True,True,False
c7,323,31228430,0.445,intergenic_class_I,True,False,False,False,True,True,True,False
c7,324,31227457,0.445,intergenic_class_I,False,False,False,False,True,True,True,False
c7,325,31227588,0.445,intergenic_class_I,False,False,False,False,True,True,True,False
c7,326,31227506,0.445,intergenic_class_I,False,False,False,False,True,True,True,False
c7,327,31227577,0.445,intergenic_class_I,False,False,False,False,True,True,True,False
c7,328,31226698,0.445,intergenic_class_I,False,False,False,False,True,True,True,False
c7,329,31227494,0.445,intergenic_class_I,False,False,False,False,True,True,True,False
c7,330,31226532,0.445,intergenic_class_I,False,False,False,False,True,True,True,False
c7,331,31226107,0.445,intergenic_class_I,True,False,False,False,True,True,True,False
c7,332,31222694,0.445,intergenic_class_I,False,False,False,False,True,True,True,False
c7,333,31229188,0.445,intergenic_class_I,True,False,False,True,True,True,True,False
c7,334,31227475,0.4449,intergenic_class_I,True,False,False,True,True,True,True,False
c7,335,31226507,0.4449,intergenic_class_I,True,False,False,False,False,False,False,False
c7,336,31222119,0.4449,intergenic_class_I,False,False,False,False,True,True,True,False
c7,337,31222168,0.4449,intergenic_class_I,False,False,False,False,True,True,True,False
c7,338,31222712,0.4448,intergenic_class_I,True,False,False,True,True,True,True,False
c7,339,31229196,0.4448,intergenic_class_I,False,False,False,False,True,True,True,False
c7,340,31229191,0.4448,intergenic_class_I,False,False,False,False,True,True,True,False
c7,341,31238613,0.4448,HLA-C,True,False,False,False,False,False,False,False
c7,342,31229669,0.4447,intergenic_class_I,True,False,False,True,True,True,True,False
c7,343,31229377,0.4447,intergenic_class_I,False,False,False,False,True,True,True,False
c7,344,31229444,0.4447,intergenic_class_I,False,False,False,False,True,True,True,False
c7,345,31238762,0.4447,HLA-C,True,False,False,False,False,False,False,False
c7,346,31226008,0.4447,intergenic_class_I,True,False,False,False,True,True,True,False
c7,347,31226036,0.4447,intergenic_class_I,True,False,False,False,True,True,True,False
c7,348,31221153,0.4446,intergenic_class_I,True,False,False,False,True,True,True,False
c7,349,31540141,0.4446,3'_of_MICB,True,False,False,False,False,False,False,False
c7,350,31229738,0.4445,intergenic_class_I,True,False,False,True,True,True,True,False
c7,351,31229366,0.4445,intergenic_class_I,False,False,False,False,True,True,True,False
c7,352,31236567,0.4444,HLA-C,False,False,False,False,True,True,True,False
c7,353,31236524,0.4443,intergenic_class_I,True,False,False,False,True,True,True,False
c7,354,31236523,0.4443,intergenic_class_I,True,False,False,False,True,True,True,False
c7,355,31223559,0.4443,intergenic_class_I,True,False,False,True,True,True,True,False
